Table 6-57:  Approach 1 Quantitative Uncertainty Estimates for Net CO2 Flux Occurring within Vegetated Coastal Wetlands Converted to Unvegetated Open Water Coastal Wetlands (MMT CO2 Eq. and Percent),,,,,
,,,,,
Source,2016 Flux Estimate,Uncertainty Range Relative to Flux Estimate,,,
,(MMT CO2 Eq.),(MMT CO2 Eq.),,(%),
,,Lower Bound,Upper Bound,Lower Bound,Upper Bound
Combined Uncertainty for Flux Associated with Soil C Stock Change in Vegetated Coastal Wetlands Converted to Unvegetated Open Water Coastal Wetlands,3.5,2,5,-41.70%,41.70%
