Table 6-30:  Approach 2 Quantitative Uncertainty Estimates for Soil C Stock Changes occurring within Cropland Remaining Cropland (MMT CO2 Eq. and Percent),,,,,
,,,,,
Source,2016 Flux Estimate,Uncertainty Range Relative to Flux Estimatea,,,
,(MMT CO2 Eq.),(MMT CO2 Eq.),,(%),
,,Lower Bound,Upper Bound,Lower Bound,Upper Bound
"Mineral Soil C Stocks: Cropland Remaining Cropland, Tier 3 Inventory Methodology",-36.3,-80.2,7.5,-121%,121%
"Mineral Soil C Stocks: Cropland Remaining Cropland, Tier 2 Inventory Methodology",-3.4,-6.5,-0.2,-95%,95%
"Organic Soil C Stocks: Cropland Remaining Cropland, Tier 2 Inventory Methodology",29.8,26.6,32.9,-11%,10%
Combined Uncertainty for Flux associated with Agricultural Soil Carbon Stock Change in Cropland Remaining Cropland,-9.9,-53.8,34.3,-452%,452%
a Range of C stock change estimates predicted by Monte Carlo Stochastic Simulation with a 95 percent confidence interval.,,,,,
Note: Parentheses indicate net sequestration.,,,,,
