Table 6-54:  Approach 1 Quantitative Uncertainty Estimates for CH4 Emissions occurring within Vegetated Coastal Wetlands Remaining Vegetated Coastal Wetlands (MMT CO2 Eq. and Percent),,,,,
,,,,,
Source,2016 Flux Estimate,Uncertainty Range Relative to Flux Estimate,,,
,(MMT CO2 Eq.),(MMT CO2 Eq.),,(%),
,,Lower Bound,Upper Bound,Lower Bound,Upper Bound
Combined Uncertainty for Flux Associated with CH4 emissions in Vegetated Coastal Wetlands Remaining Vegetated Coastal Wetlands,3.6,2.5,4.6,-29.80%,29.80%
