Table 6-76:  Approach 2 Quantitative Uncertainty Estimates for Net C Flux from Changes in C Stocks in Urban Trees (MMT�CO2�Eq. and Percent),,,,,,,
,,,,,,,
,Source,Gas,2016 Flux Estimate,Uncertainty Range Relative to Flux Estimatea,,,
,,,(MMT CO2 Eq.),(MMT CO2 Eq.),,(%),
,,,,Lower Bound,Upper Bound,Lower Bound,Upper Bound
,Changes in C Stocks in Urban Trees,CO2,-92.9,-136.9,-47.9,-47%,48%
,a Range of uncertainty in emissions was estimated based on proportional allocation of 2015 to 2016 flux values to the 2015 uncertainty estimates. Range of flux estimates predicted by Monte Carlo Stochastic Simulation for a 95 percent confidence interval.,,,,,,
,Note: Parentheses indicate negative values or net sequestration.,,,,,,
