"Table 6-15:  Mean C Stocks, CO2 and CH4 Fluxes in Alaska between 2000 and 2009",,,,,
,,,,,
,Land Use: C Pool,"Area (1,000 ha)a",C stock (MMT C),CO2 Flux (Change in C stocks) (MMT CO2) Eq./Year)b,CH4 Flux (MMT CO2 Eq./Year)
,Forest Land,"39,917","15,226",44.86,1.675
,Aboveground Biomass,-,"2,130",4.03,-
,Belowground Biomass,-,532,,-
,Soilc,-,"12,563",40.83,
,Grasslandd,"34,844","18,856",-30.6,0.102
,Aboveground Vegetation,-,315,-5.83,-
,Belowground Vegetation,-,178,,-
,Soilc,-,"18,363",-24.77,-
,Wetland,"12,346","3,927",17.52,23.17
,Aboveground Vegetation,-,264,1.12,-
,Belowground Vegetation,-,176,,-
,Soilc,-,"3,487",16.41,-
,Total,"87,107","38,008",31.8,24.947
,"a The USGS assessment did not include the Aleutian Islands, Saint Lawrence Island, glacier, bare ground or urban areas, therefore the area data does not match up precisely with the Land Representation analysis in this Inventory (see Section 6.1 for more details).",,,,
,"b This assessment considers carbon exported out of the ecosystem from harvesting as a loss, it does not include the contribution to the harvested wood products pool.",,,,
,c Soil pool includes dead woody debris and C stored in organic and mineral horizons.,,,,
,d Grassland also includes heath and shrubland.,,,,
,Note: Parentheses indicate net sequestration.,,,,
