Table 6-53:  Approach 1 Quantitative Uncertainty Estimates for Emissions from C Stock Changes occurring within Vegetated Coastal Wetlands Remaining Vegetated Coastal Wetlands (MMT CO2 Eq. and Percent),,,,,
,,,,,
Source,2016 Flux Estimate,Uncertainty Range Relative to Flux Estimate,,,
,(MMT CO2 Eq.),(MMT CO2 Eq.),,(%),
,,Lower Bound,Upper Bound,Lower Bound,Upper Bound
Combined Uncertainty for Flux Associated with Wetlands Soil C Stock Change in Vegetated Coastal Wetlands Remaining Vegetated Coastal Wetlands,-12.1,-15.6,-8.5,-29.50%,29.50%
Note:  Parentheses indicate net sequestration.,,,,,
