Table 6-24:  Quantitative Uncertainty Estimates for Annual CO2 and Non-CO2 Emissions on Drained Organic Forest Soils (MMT CO2 Eq. and Percent)a,,,,,,
,,,,,,
,Source,2016 Emission Estimate,Uncertainty Range Relative to Emission Estimate,,,
,,(MMT CO2 Eq.),(MMT CO2 Eq.),,,(%)
,,,Lower Bound,Upper Bound,Lower Bound,Upper Bound
,"CO2, direct",0.7,0.4,0.9,-39%,39%
,"CO2, dissolved organic C",0.1,+,0.1,-56%,56%
,CH4,+,+,+,-76%,76%
,N2O ,0.1,+,0.2,-124%,124%
,Total ,0.9,0.5,1.2,-38%,38%
,+ Does not exceed 0.05 MMT CO2 Eq.,,,,,
,"a Range of flux estimates predicted through a combination of sample-based and IPCC defaults for a 95 percent confidence interval, IPCC Approach 1.",,,,,
