Table 6-60:  Approach 1 Quantitative Uncertainty Estimates for C Stock Changes Occurring within Unvegetated Open Water Coastal Wetlands Converted to Vegetated Coastal Wetlands (MMT CO2 Eq. and Percent),,,,,
,,,,,
Source,2016 Flux Estimate,Uncertainty Range Relative to Flux Estimate,,,
,(MMT CO2 Eq.),(MMT CO2 Eq.),,(%),
,,Lower Bound,Upper Bound,Lower Bound,Upper Bound
Combined Uncertainty for Flux Associated with Wetlands Soil C Stock Change in Unvegetated Open Water Coastal Wetlands Converted to Vegetated Coastal Wetlands,-0.007,-0.009,-0.005,-29.50%,29.50%
Note: Parentheses indicate net sequestration.,,,,,
