Table 6-14:  Quantitative Uncertainty Estimates for Net CO2 Flux from Forest Land Remaining Forest Land: Changes in Forest C Stocks (MMT CO2 Eq. and Percent),,,,,,,
,,,,,,,
,Source,Gas,2016 Flux Estimate,Uncertainty Range Relative to Flux Estimate,,,
,,,(MMT CO2 Eq.),(MMT CO2 Eq.),,(%),
,,,,Lower Bound,Upper Bound,Lower Bound,Upper Bound
,Forest C Poolsa,CO2,-571.6,-818.7,-324.7,-43.20%,43.20%
,Harvested Wood Productsb,CO2,-99.6,-122.1,-76.3,-22.60%,23.40%
,Total Forest,CO2,-671.2,-919.3,-423.2,-37.00%,36.90%
,"a Range of flux estimates predicted through a combination of sample-based and model-based uncertainty for a 95 percent confidence interval, IPCC Approach 1.",,,,,,
,"b Range of flux estimates predicted by Monte Carlo stochastic simulation for a 95 percent confidence interval, IPCC Approach 2.",,,,,,
,Note: Parentheses indicate negative values or net sequestration.,,,,,,
