Table 6-18:  Quantitative Uncertainty Estimates of Non-CO2 Emissions from Forest Fires (MMT CO2 Eq. and Percent)a,,,,,,,
,,,,,,,
,Source,Gas,2016 Emission Estimate,Uncertainty Range Relative to Emission Estimateb,,,
,,,(MMT CO2 Eq.),(MMT CO2 Eq.),,(%),
,,,,Lower Bound,Upper Bound,Lower Bound,Upper Bound
,Non-CO2 Emissions from Forest Fires,CH4,18.5,12.2,42.1,-34%,127%
,Non-CO2 Emissions from Forest Fires,N2O,12.2,4.6,26.9,-62%,120%
,a These estimates include Non-CO2 Emissions from Forest Fires on Forest Land Remaining Forest Land and Land Converted to Forest Land.,,,,,,
,b Range of flux estimates predicted by Monte Carlo Stochastic Simulation for a 95 percent confidence interval.,,,,,,
