Table 6-13:  Estimates of CO2 (MMT per Year) Emissions from Forest Fires in the Conterminous 48 States and Alaskaa,,,,,
,,,,,
,Year,CO2 emitted from Wildfires in the Conterminous 48 States (MMT yr-1),CO2 emitted from Wildfires in Alaska (MMTyr-1),CO2 emitted from Prescribed Fires (MMTyr-1),Total CO2 emitted (MMTyr-1)
,1990,22.5,19.6,0.2,42.3
,1991,36.0,12.2,0.2,48.5
,1992,20.9,0.5,0.1,21.5
,1993,4.7,7.3,0.0,12.1
,1994,72.4,4.4,0.2,77.1
,1995,9.3,0.6,0.2,10.2
,1996,49.8,0.0,0.5,50.3
,1997,6.3,0.0,0.2,6.6
,1998,24.0,3.3,0.5,27.8
,1999,52.6,10.5,1.1,64.2
,2000,97.0,10.4,0.6,108.0
,2001,53.3,2.6,0.8,56.7
,2002,111.6,40.6,0.5,152.7
,2003,77.1,10.1,0.3,87.5
,2004,24.8,126.7,0.9,152.4
,2005,44.1,80.6,1.3,125.9
,2006,100.8,5.2,2.1,108.0
,2007,153.3,5.1,2.2,160.7
,2008,94.9,1.1,6.0,101.9
,2009,39.6,43.3,7.8,90.8
,2010,12.9,11.3,18.6,42.8
,2011,81.0,3.5,5.9,90.5
,2012,138.6,2.7,2.9,144.2
,2013,67.9,22.3,5.5,95.6
,2014,84.1,4.9,6.1,95.0
,2015,164.1,80.7,3.5,248.2
,2016b,164.1,80.7,3.5,248.2
,"a These emissions have already been included in the estimates of net annual changes in C stocks, which include the amount sequestered minus any emissions, including the assumption that combusted wood may continue to decay through time.",,,,
,"b The data for 2016 were unavailable when these estimates were summarized; therefore 2015, the most recent available estimate, is applied to 2016. ",,,,
