"Table 6-33:  Approach 2 Quantitative Uncertainty Estimates for Soil, Dead Organic Matter and Biomass C Stock Changes occurring within Land Converted to Cropland (MMT CO2 Eq. and Percent)",,,,,
,,,,,
Source,2016 Flux Estimate,Uncertainty Range Relative to Flux Estimatea,,,
,(MMT CO2 Eq.),(MMT CO2 Eq.),,(%),
,,Lower Bound,Upper Bound,Lower Bound,Upper Bound
Grassland Converted to Cropland,18.4,0.3,36.5,-98%,98%
Mineral Soil C Stocks: Tier 3,14.6,-3.5,32.7,-124%,124%
Mineral Soil C Stocks: Tier 2,1,0.3,1.7,-70%,70%
Organic Soil C Stocks: Tier 2,2.8,1.9,3.7,-33%,33%
Forest Land Converted to Cropland,3.6,0.8,6.3,-76%,76%
Aboveground Live Biomass,2.1,-0.5,4.7,-121%,121%
Belowground Live Biomass,0.6,0.1,1.2,-80%,80%
Dead Wood ,0.3,0.1,0.6,-76%,76%
Litter ,0.3,+,0.7,-99%,99%
Mineral Soil C Stocks: Tier 2,0.1,-0.4,0.5,-764%,765%
Organic Soil C Stocks: Tier 2,+,0,0.1,-100%,190%
Other Lands Converted to Cropland,0.1,+,0.1,-97%,97%
Mineral Soil C Stocks: Tier 2,0.1,+,0.1,-97%,97%
Organic Soil C Stocks: Tier 2,0,0,0,0%,0%
Settlements Converted to Cropland,0.1,+,0.1,-53%,53%
Mineral Soil C Stocks: Tier 2,+,+,+,-211%,211%
Organic Soil C Stocks: Tier 2,0.1,+,0.1,-51%,52%
Wetlands Converted to Croplands,1.6,0.7,2.6,-59%,59%
Mineral Soil C Stocks: Tier 2,1.1,0.2,2,-80%,80%
Organic Soil C Stocks: Tier 2,0.5,0.2,5.5,-66%,66%
Total: Land Converted to Cropland,23.8,5.4,42.1,-77%,77%
Aboveground Live Biomass,2.1,-0.5,4.7,-121%,121%
Belowground Live Biomass,0.6,0.1,1.2,-80%,80%
Dead Wood ,0.3,0.1,0.6,-76%,76%
Litter ,0.3,0,0.7,-99%,99%
Mineral Soil C Stocks: Tier 3,14.6,-3.5,32.7,-124%,124%
Mineral Soil C Stocks: Tier 2,2.3,1,3.5,-54%,54%
Organic Soil C Stocks: Tier 2,3.4,2.4,4.4,-29%,29%
+ Does not exceed 0.05 MMT CO2 Eq.,,,,,
a Range of C stock change estimates predicted by Monte Carlo Stochastic Simulation for a 95 percent confidence interval. Notes: Totals may not sum due to independent rounding. Parentheses indicate negative values or net sequestration.,,,,,
