"Table 6-86:  Approach 2 Quantitative Uncertainty Estimates for Soil, Dead Organic Matter and Biomass C Stock Changes occurring within Land Converted to Settlements (MMT CO2 Eq. and Percent)",,,,,
,,,,,
Source,2016 Flux Estimate,Uncertainty Range Relative to Flux Estimatea,,,
,(MMT CO2 Eq.),(MMT CO2 Eq.),,(%),
,,Lower Bound,Upper Bound,Lower Bound,Upper Bound
Cropland Converted to Settlements,10.1,8.1,12.2,-20%,20%
Mineral Soil C Stocks,9.3,7.2,11.3,-22%,22%
Organic Soil C Stocks,0.9,0.6,1.1,-32%,32%
Forest Land Converted to Settlements,44.8,25.3,64.2,-43%,43%
Aboveground Biomass C Stocks,32.7,13.7,51.8,-58%,58%
Belowground Biomass C Stocks,6.6,2.8,10.5,-58%,58%
Dead Wood,2.2,0.9,3.5,-58%,58%
Litter,2,1.5,2.4,-22%,22%
Mineral Soil C Stocks,1.3,1,1.5,-18%,18%
Organic Soil C Stocks,+ ,+ ,+ ,-35%,35%
Grassland Converted to Settlements,12.3,10,14.6,-18%,18%
Mineral Soil C Stocks,11.4,9.1,13.6,-20%,20%
Organic Soil C Stocks,0.9,0.6,1.2,-36%,36%
Other Lands Converted to Settlements,0.7,0.6,0.9,-21%,21%
Mineral Soil C Stocks,0.6,0.5,0.7,-22%,22%
Organic Soil C Stocks,0.1,+ ,0.2,-71%,71%
Wetlands Converted to Settlements,0.1,0,0.1,-37%,37%
Mineral Soil C Stocks,0.1,0,0.1,-37%,37%
Organic Soil C Stocks,0,0,0,0%,0%
Total: Land Converted to Settlements,68,48.3,87.7,-29%,29%
Aboveground Biomass C Stocks,32.7,13.7,51.8,-58%,58%
Belowground Biomass C Stocks,6.6,2.8,10.5,-58%,58%
Dead Wood,2.2,0.9,3.5,-58%,58%
Litter,2,1.5,2.4,-22%,22%
Mineral Soil C Stocks,22.6,19.5,25.6,-13%,13%
Organic Soil C Stocks,1.9,1.2,2.5,-34%,33%
+ Does not exceed 0.05 MMT CO2 Eq.,,,,,
a Range of C stock change estimates predicted by Monte Carlo Stochastic Simulation for a 95 percent confidence interval.,,,,,
