"Table 6-43:  Approach 2 Quantitative Uncertainty Estimates for Soil, Dead Organic Matter and Biomass C Stock Changes occurring within Land Converted to Grassland (MMT CO2 Eq. and Percent)",,,,,
,,,,,
Source,2016 Flux Estimatea,Uncertainty Range Relative to Flux Estimatea,,,
,(MMT CO2 Eq.),(MMT CO2 Eq.),,(%),
,,Lower Bound,Upper Bound,Lower Bound,Upper Bound
Cropland Converted to Grassland,-7.5,-16.3,1.3,-118%,118%
Mineral Soil C Stocks: Tier 3,-8.6,-17.4,-0.3,-103%,103%
Mineral Soil C Stocks: Tier 2,-0.1,-0.2,0.1,-343%,343%
Organic Soil C Stocks: Tier 2,1.1,0.8,1.4,-26%,26%
Forest Land Converted to Grassland,29.4,1.4,57.5,-95%,95%
     Aboveground Live Biomass,20.9,-1.9,43.7,-109%,109%
Belowground Live Biomass,1.7,-10.6,14,-711%,711%
Dead Wood ,3.6,-6.5,13.8,-281%,281%
Litter ,6.2,3.1,9.3,-50%,50%
Mineral Soil C Stocks: Tier 2,-3.1,-5.2,-1,-68%,68%
Organic Soil C Stocks: Tier 2,0.1,0.1,0.2,-38%,38%
Other Lands Converted to Grassland,-0.1,-0.2,0.1,-250%,250%
Mineral Soil C Stocks: Tier 2,-0.1,-0.3,0.1,-154%,154%
Organic Soil C Stocks: Tier 2,+,+,0.1,-36%,37%
Settlements Converted to Grassland,+,+,+,-69%,69%
Mineral Soil C Stocks: Tier 2,(+),(+),+,-500%,525%
Organic Soil C Stocks: Tier 2,+,+,+,-47%,45%
Wetlands Converted to Grasslands,0.1,-0.1,0.3,-153%,153%
Mineral Soil C Stocks: Tier 2,-0.2,-0.3,(+),-80%,80%
Organic Soil C Stocks: Tier 2,0.3,0.2,0.4,-38%,38%
Total: Land Converted to Grassland,22,-7.4,51.5,-133%,134%
     Aboveground Live Biomass,20.9,-1.9,43.7,-109%,109%
Belowground Live Biomass,1.7,-10.6,14,-711%,711%
Dead Wood ,3.6,-6.5,13.8,-281%,281%
Litter ,6.2,3.1,9.3,-50%,50%
Mineral Soil C Stocks: Tier 3,-8.6,-17.4,-0.3,-103%,103%
Mineral Soil C Stocks: Tier 2,-3.5,-5.6,-1.3,-62%,62%
Organic Soil C Stocks: Tier 2,1.6,1.3,1.9,-20%,20%
+ Absolute value does not exceed 0.05 MMT CO2 Eq.,,,,,
a Range of C stock change estimates predicted by Monte Carlo Stochastic Simulation for a 95 percent confidence interval.,,,,,
Notes: Totals may not sum due to independent rounding. Parentheses indicate negative values or net sequestration.,,,,,
