Table 6-69:  Approach 1 Quantitative Uncertainty Estimates for CH4 Emissions occurring within Land Converted to Vegetated Coastal Wetlands (MMT CO2 Eq. and Percent),,,,,
,,,,,
Source,2016 Flux Estimate,Uncertainty Range Relative to Flux Estimatea,,,
,(MMT CO2 Eq.),(MMT CO2 Eq.),,(%),
,,Lower Bound,Upper Bound,Lower Bound,Upper Bound
Combined Uncertainty for Flux Associated with Land Converted to Vegetated Coastal Wetlands,0.01,0.01,0.02,-29.80%,29.80%
a Range of flux estimates based on error propagation at 95 percent confidence interval.,,,,,
