"Table 6-2:  Emissions from Land Use, Land-Use Change, and Forestry by Gas (MMT CO2 Eq.)",,,,,,,,,,,,,,,,,,,,,,,,,,,,
,,,,,,,,,,,,,,,,,,,,,,,,,,,,
,Gas/Land-Use Sub-Category,1990,1991,1992,1993,1994,1995,1996,1997,1998,1999,2000,2001,2002,2003,2004,2005,2006,2007,2008,2009,2010,2011,2012,2013,2014,2015,2016
,CH4,6.7,7.2,5.3,4.5,9.6,4.4,7.7,4.1,5.8,8.8,12.1,8,15.3,10.3,15,13.3,12.4,16,11.5,10.7,6.9,11.2,15,10.9,11.2,22.4,22.4
,Forest Land Remaining Forest Land: Forest Fires,3.2,3.7,1.6,0.9,5.9,0.8,3.8,0.5,2.1,4.8,8.1,4.2,11.6,6.6,11.4,9.4,8.1,12,7.7,6.8,3.2,6.8,10.8,7.2,7.2,18.5,18.5
,Wetlands Remaining Wetlands: Coastal Wetlands Remaining Coastal Wetlands,3.4,3.5,3.5,3.5,3.5,3.5,3.5,3.5,3.5,3.5,3.5,3.5,3.5,3.5,3.5,3.5,3.5,3.5,3.5,3.5,3.5,3.5,3.5,3.6,3.6,3.6,3.6
,Grassland Remaining Grassland: Grassland Fires,0.1,0.1,0.1,0.1,0.3,0.1,0.5,0.1,0.1,0.4,0.4,0.2,0.2,0.2,0.1,0.3,0.8,0.5,0.3,0.4,0.2,0.8,0.6,0.2,0.4,0.3,0.3
,Forest Land Remaining Forest Land: Drained Organic Soils,+ ,+ ,+ ,+ ,+ ,+ ,+ ,+ ,+ ,+ ,+ ,+ ,+ ,+ ,+ ,+ ,+ ,+ ,+ ,+ ,+ ,+ ,+ ,+ ,+ ,+ ,+ 
,Land Converted to Wetlands: Land Converted to Coastal Wetlands,+ ,+ ,+ ,+ ,+ ,+ ,+ ,+ ,+ ,+ ,+ ,+ ,+ ,+ ,+ ,+ ,+ ,+ ,+ ,+ ,+ ,+ ,+ ,+ ,+ ,+ ,+ 
,Wetlands Remaining Wetlands: Peatlands Remaining Peatlands,+ ,+ ,+ ,+ ,+ ,+ ,+ ,+ ,+ ,+ ,+ ,+ ,+ ,+ ,+ ,+ ,+ ,+ ,+ ,+ ,+ ,+ ,+ ,+ ,+ ,+ ,+ 
,N2O,3.9,4.3,3.2,2.9,6.5,3,5.5,3,3.9,6.3,8.7,6.2,11.2,7.9,10.9,9.7,9.5,11.8,8.6,8,5.6,8.7,11.1,8.3,8.4,15.8,15.7
,Forest Land Remaining Forest Land: Forest Fires,2.1,2.4,1.1,0.6,3.8,0.5,2.5,0.3,1.4,3.1,5.3,2.8,7.7,4.4,7.5,6.2,5.3,7.9,5.1,4.5,2.1,4.5,7.1,4.8,4.7,12.2,12.2
,Settlements Remaining Settlements: Settlement Soilsa,1.4,1.5,1.6,1.8,2,1.8,1.9,1.9,1.7,1.8,2.2,2.4,2.5,2.5,2.6,2.5,2.5,2.6,2.5,2.4,2.5,2.6,2.7,2.6,2.6,2.5,2.5
,Forest Land Remaining Forest Land: Forest Soilsb,0.1,0.1,0.1,0.2,0.2,0.3,0.4,0.4,0.4,0.6,0.5,0.5,0.6,0.5,0.5,0.5,0.5,0.5,0.5,0.5,0.5,0.5,0.5,0.5,0.5,0.5,0.5
,Grassland Remaining Grassland: Grassland Fires,0.1,0.1,0.1,0.1,0.3,0.2,0.5,0.1,0.1,0.5,0.5,0.2,0.2,0.2,0.1,0.3,0.9,0.6,0.3,0.4,0.2,0.9,0.6,0.2,0.4,0.3,0.3
,Wetlands Remaining Wetlands: Coastal Wetlands Remaining Coastal Wetlands,0.1,0.1,0.2,0.1,0.1,0.2,0.2,0.2,0.2,0.2,0.2,0.2,0.2,0.2,0.2,0.2,0.2,0.2,0.2,0.2,0.2,0.1,0.1,0.1,0.1,0.1,0.1
,Forest Land Remaining Forest Land: Drained Organic Soils,0.1,0.1,0.1,0.1,0.1,0.1,0.1,0.1,0.1,0.1,0.1,0.1,0.1,0.1,0.1,0.1,0.1,0.1,0.1,0.1,0.1,0.1,0.1,0.1,0.1,0.1,0.1
,Wetlands Remaining Wetlands: Peatlands Remaining Peatlands,+ ,+ ,+ ,+ ,+ ,+ ,+ ,+ ,+ ,+ ,+ ,+ ,+ ,+ ,+ ,+ ,+ ,+ ,+ ,+ ,+ ,+ ,+ ,+ ,+ ,+ ,+ 
,LULUCF Emissions,10.6,11.5,8.4,7.5,16.2,7.4,13.2,7.1,9.7,15,20.8,14.2,26.5,18.2,25.9,23,21.9,27.8,20,18.7,12.5,19.9,26.1,19.2,19.6,38.2,38.1
,+ Does not exceed 0.05 MMT CO2 Eq.,,,,,,,,,,,,,,,,,,,,,,,,,,,
,a Estimates include emissions from N fertilizer additions on both Settlements Remaining Settlements and Land Converted to Settlements.,,,,,,,,,,,,,,,,,,,,,,,,,,,
,b Estimates include emissions from N fertilizer additions on both Forest Land Remaining Forest Land and Land Converted to Forest Land.,,,,,,,,,,,,,,,,,,,,,,,,,,,
,Note: Totals may not sum due to independent rounding.,,,,,,,,,,,,,,,,,,,,,,,,,,,
