Table 6-36:  Approach 2 Quantitative Uncertainty Estimates for C Stock Changes Occurring Within Grassland Remaining Grassland (MMT CO2 Eq. and Percent),,,,,
,,,,,
Source,2016 Flux Estimate,Uncertainty Range Relative to Flux Estimatea,,,
,(MMT CO2 Eq.),(MMT CO2 Eq.),,(%),
,,Lower Bound,Upper Bound,Lower Bound,Upper Bound
"Mineral Soil C Stocks Grassland Remaining Grassland, Tier 3 Methodology",-4.2,-44.8,36.3,-958%,958%
"Mineral Soil C Stocks: Grassland Remaining Grassland, Tier 2 Methodology",-1.4,-2.9,0,-101%,102%
"Mineral Soil C Stocks: Grassland Remaining Grassland, Tier 2 Methodology (Change in Soil C due to Biosolids [i.e., Sewage Sludge] Amendments)",-1.5,-2.2,-0.7,-50%,50%
"Organic Soil C Stocks: Grassland Remaining Grassland, Tier 2 Methodology",5.5,5,6.1,-9%,9%
Combined Uncertainty for Flux Associated with Agricultural Soil Carbon Stock Change in Grassland Remaining Grassland,-1.6,-42.2,39,-2503%,2503%
a Range of C stock change estimates predicted by Monte Carlo Stochastic Simulation for a 95 percent confidence interval.,,,,,
Notes: Totals may not sum due to independent rounding. Parentheses indicate negative values or net sequestration.,,,,,
