Table 6-63:  Approach 1 Quantitative Uncertainty Estimates for N2O Emissions for Aquaculture Production in Coastal Wetlands (MMT CO2 Eq. and Percent),,,,,
,,,,,
Source,2016 Flux Estimate,Uncertainty Range Relative to Emissions Estimatea,,,
,(MMT CO2 Eq.),(MMT CO2 Eq.),,(%),
,,Lower Bound,Upper Bound,Lower Bound,Upper Bound
Combined Uncertainty for Flux Associated with N2O Emissions for Aquaculture Production in Coastal Wetlands,0.14,0,0.3,-116%,116%
a Range of emission estimates predicted by Monte Carlo Stochastic Simulation for a 95 percent confidence interval. ,,,,,
