Table 6-27:  Quantitative Uncertainty Estimates for Forest C Pool Stock Changes (MMT CO2 Eq. per Year) in 2016 from Land Converted to Forest Land by Land Use Change,,,,,
,,,,,
Land Use/Carbon Pool,2016 Flux Estimate,Uncertainty Range Relative to Flux Rangea,,,
,(MMT CO2 Eq.),(MMT CO2 Eq.),,(%),
,,Lower Bound,Upper Bound,Lower Bound,Upper Bound
Cropland Converted to Forest Land,-11.8,-13.5,-8.5,-14%,28%
   Aboveground Biomass,-4.8,-6.4,-3.3,-32%,32%
   Belowground Biomass ,-0.4,-0.6,-0.1,-76%,76%
   Dead Wood,-2.5,-2.9,-2,-19%,19%
   Litter,-4.1,-4.6,-3.7,-12%,12%
  Mineral Soils ,+,-0.1,0.1,-1136%,1136%
Grassland Converted to Forest Land,-50.1,-57.6,-45.9,-15%,8%
  Aboveground Biomass,-25.5,-31.8,-19.2,-25%,25%
  Belowground Biomass ,5.9,4,7.8,-31%,31%
  Dead Wood,-11.4,-14,-8.8,-23%,23%
  Litter,-19.1,-21.7,-16.6,-14%,14%
  Mineral Soils ,+,-0.2,0.3,-2684%,2684%
Other Lands Converted to Forest Land,-9.1,-10.2,-8,-12%,12%
  Aboveground Biomass,-4.2,-5.1,-3.2,-23%,23%
  Belowground Biomass ,-0.8,-1,-0.6,-25%,25%
  Dead Wood,-1.5,-1.8,-1.1,-24%,24%
  Litter,-2.7,-3.1,-2.4,-13%,13%
  Mineral Soils ,(+),-0.1,+,-370%,370%
Settlements Converted to Forest Land,-1.8,-2,-1.5,-13%,13%
  Aboveground Biomass,-0.8,-1,-0.6,-25%,25%
  Belowground Biomass ,-0.2,-0.2,-0.1,-27%,27%
  Dead Wood,-0.3,-0.3,-0.2,-24%,24%
  Litter,-0.5,-0.6,-0.4,-14%,14%
  Mineral Soils ,+,(+),+,-800%,800%
Wetlands Converted to Forest Land,-2.2,-2.5,-2,-11%,11%
  Aboveground Biomass,-1,-1.2,-0.8,-20%,20%
  Belowground Biomass ,-0.2,-0.2,-0.1,-22%,22%
  Dead Wood,-0.3,-0.4,-0.3,-27%,27%
  Litter,-0.7,-0.8,-0.6,-13%,13%
  Mineral Soils ,+,(+),+,-700%,667%
Total: Aboveground Biomass,-36.3,-42.9,-29.3,-18%,19%
Total: Belowground Biomass ,4.4,2.5,6.4,-43%,44%
Total: Dead Wood,-15.9,-18.6,-13.2,-17%,17%
Total: Litter,-27.2,-29.8,-24.4,-10%,10%
Total: Mineral Soils,+,-0.3,0.3,-3826%,3825%
Total: Lands Converted to Forest Lands,-75,-82.8,-66.7,-10%,11%
+ Absolute value does not exceed 0.05 MMT CO2 Eq.,,,,,
a Range of flux estimate for 95 percent confidence interval,,,,,
Note: Parentheses indicate net sequestration.,,,,,
