Table 6-44:  Emissions from Peatlands Remaining Peatlands (MMT CO2 Eq.),,,,,,,,,,,,,,,,,,,,,,,,,,,
,,,,,,,,,,,,,,,,,,,,,,,,,,,
Gas,1990,1991,1992,1993,1994,1995,1996,1997,1998,1999,2000,2001,2002,2003,2004,2005,2006,2007,2008,2009,2010,2011,2012,2013,2014,2015,2016
CO2,1.1,1.0,0.9,1.0,0.9,1.1,0.9,1.1,1.1,1.2,1.3,1.2,1.0,1.0,1.2,1.1,0.9,1.0,1.0,1.0,1.0,0.9,0.8,0.8,0.8,0.8,0.7
Off-site,1.0,0.9,0.9,0.9,0.9,1.0,0.8,1.0,1.1,1.1,1.2,1.1,1.0,0.9,1.1,1.0,0.8,1.0,0.9,1.0,1.0,0.9,0.8,0.7,0.7,0.7,0.7
On-site,0.1,0.1,0.1,0.1,0.1,0.1,0.1,0.1,0.1,0.1,0.1,0.1,0.1,0.1,0.1,0.1,0.1,0.1,0.1,0.1,0.1,0.1,0.1,+,0.1,+,0.1
CH4 (On-site),+,+,+,+,+,+,+,+,+,+,+,+,+,+,+,+,+,+,+,+,+,+,+,+,+,+,+
N2O (On-site),+,+,+,+,+,+,+,+,+,+,+,+,+,+,+,+,+,+,+,+,+,+,+,+,+,+,+
Total,1.1,1.0,0.9,1.0,0.9,1.1,0.9,1.1,1.1,1.2,1.3,1.2,1.0,1.0,1.2,1.1,0.9,1.0,1.0,1.0,1.0,0.9,0.8,0.8,0.8,0.8,0.7
+ Does not exceed 0.05 MMT CO2 Eq.,,,,,,,,,,,,,,,,,,,,,,,,,,,
"Note:  These numbers are based on U.S. production data in accordance with Tier 1 guidelines, which does not take into account imports, exports, and stockpiles (i.e., apparent consumption). Off-site N2O emissions are not estimated to avoid double-counting N2O emitted from the fertilizer that the peat is mixed with prior to horticultural use (see IPCC 2006). Totals may not sum due to independent rounding.",,,,,,,,,,,,,,,,,,,,,,,,,,,
