"Table 6-12:  Forest Area (1,000 ha) and C Stocks in Forest Land Remaining Forest Land and Harvested Wood Pools (MMT C)",,,,,,,,,,,,,,,,,,,,,,,,,,,,,
,,,,,,,,,,,,,,,,,,,,,,,,,,,,,
,,1990,1991,1992,1993,1994,1995,1996,1997,1998,1999,2000,2001,2002,2003,2004,2005,2006,2007,2008,2009,2010,2011,2012,2013,2014,2015,2016,2017b
,Forest Area (1000 ha),"262,119","262,415","262,710","262,979","263,251","263,516","263,726","264,014","264,336","264,676","265,022","265,428","265,759","266,103","266,681","267,479","268,044","268,618","269,163","269,710","270,258","270,654","271,064","271,512","271,812","272,113","272,260","272,260"
,Carbon Pools (MMT C),,,,,,,,,,,,,,,,,,,,,,,,,,,,
,Forest Ecosystem,"46,967","47,123","47,281","47,438","47,596","47,753","47,910","48,062","48,213","48,362","48,510","48,653","48,794","48,936","49,079","49,223","49,375","49,529","49,685","49,843","50,002","50,166","50,331","50,494","50,657","50,819","50,975","51,131"
,Aboveground Biomass,"11,889","11,979","12,068","12,157","12,246","12,335","12,424","12,507","12,589","12,669","12,748","12,821","12,895","12,970","13,046","13,122","13,208","13,294","13,381","13,470","13,559","13,650","13,742","13,833","13,922","14,012","14,096","14,182"
,Belowground Biomass,"2,439","2,458","2,477","2,496","2,515","2,534","2,553","2,571","2,588","2,605","2,622","2,637","2,653","2,668","2,684","2,700","2,718","2,737","2,755","2,774","2,792","2,812","2,831","2,850","2,869","2,888","2,905","2,923"
,Dead Wood,"2,262","2,272","2,281","2,291","2,300","2,310","2,321","2,334","2,347","2,360","2,373","2,386","2,395","2,405","2,414","2,424","2,435","2,446","2,458","2,470","2,482","2,494","2,507","2,521","2,534","2,548","2,560","2,570"
,Litter,"2,568","2,573","2,578","2,582","2,587","2,591","2,596","2,600","2,604","2,608","2,612","2,615","2,619","2,623","2,627","2,630","2,634","2,638","2,642","2,646","2,650","2,654","2,659","2,663","2,668","2,672","2,676","2,680"
,Soil (Mineral),"27,456","27,490","27,525","27,560","27,595","27,630","27,664","27,699","27,733","27,768","27,804","27,842","27,880","27,918","27,956","27,994","28,027","28,062","28,097","28,132","28,167","28,204","28,240","28,276","28,312","28,348","28,385","28,422"
,Soil (Organic)a,352,352,352,352,352,352,352,352,352,352,352,352,352,352,352,352,352,352,352,352,352,352,352,352,352,352,352,352
,Harvested Wood,"1,895","1,929","1,963","1,996","2,029","2,061","2,092","2,124","2,155","2,188","2,218","2,244","2,271","2,296","2,325","2,353","2,382","2,411","2,431","2,446","2,462","2,481","2,498","2,517","2,538","2,559","2,585","2,612"
,Products in Use,"1,249","1,264","1,280","1,295","1,311","1,326","1,340","1,355","1,368","1,382","1,395","1,404","1,414","1,423","1,435","1,447","1,459","1,470","1,474","1,472","1,471","1,473","1,474","1,476","1,479","1,483","1,492","1,501"
,SWDS,646,665,683,701,718,735,752,769,787,805,823,840,857,873,890,906,923,941,958,974,991,"1,008","1,025","1,042","1,059","1,076","1,093","1,111"
,Total C Stock,"48,862","49,052","49,244","49,434","49,625","49,814","50,002","50,186","50,368","50,550","50,729","50,897","51,065","51,233","51,404","51,576","51,757","51,939","52,116","52,289","52,464","52,647","52,830","53,012","53,195","53,378","53,560","53,743"
,a These estimates do not include C stock changes from drained organic soils. See Table 6-21 and Table 6-22 for C stock changes from drainage of organic soils from Forest Land Remaining Forest Land and Land Converted to Forest Land.,,,,,,,,,,,,,,,,,,,,,,,,,,,,
,"b The approach for estimating carbon stock changes on Forest Land Remaining Forest Land was consistent with the methods used in the 1990 through 2015 Inventory and is described in Annex 3.13. Only FIA plots that were used in the 1990 through 2015 Inventory were used in the current Inventory to ensure consistency with the other land use categories and maintain the area estimates reported in the Land Representation. As a result, Forest Land area estimates were assumed to remain constant from 2016 to 2017 while carbon stocks increased in 2017 consistent with previous years in the time series.  ",,,,,,,,,,,,,,,,,,,,,,,,,,,,
,"Notes: Forest area and C stock estimates include all Forest Land Remaining Forest Land in the conterminous 48 states and southeast and south central coastal Alaska (6.2 million ha), which is the current area encompassed by FIA survey data. Forest C stocks do not include forest stocks in U.S. Territories, Hawaii, a large portion of interior Alaska (19.7 million ha), or trees on non-forest land (e.g., agroforestry systems and urban areas�see section 6.10 Settlements Remaining Settlements for estimates of C stock change from urban trees). The forest area estimates in this table do not match those in Section 6.1 Representation of the U.S. Land Base, which includes all managed forest land in Alaska and Hawaii. Harvested wood product stocks include exports, even if the logs are processed in other countries, and exclude imports. Harvested wood estimates are based on results from annual surveys and models. Totals may not sum due to independent rounding. Population estimates compiled using FIA data are assumed to represent stocks as of January 1 of the Inventory year. Flux is the net annual change in stock. Thus, an estimate of flux for 2016 requires estimates of C stocks for 2016 and 2017.",,,,,,,,,,,,,,,,,,,,,,,,,,,,
