Table 6-10:  Net CO2 Flux from Forest Pools in Forest Land Remaining Forest Land and Harvested Wood Pools (MMT CO2 Eq.),,,,,,,,,,,,,,,,,,,,,,,,,,,,
,,,,,,,,,,,,,,,,,,,,,,,,,,,,
,Carbon Pool,1990,1991,1992,1993,1994,1995,1996,1997,1998,1999,2000,2001,2002,2003,2004,2005,2006,2007,2008,2009,2010,2011,2012,2013,2014,2015,2016b
,Forest Ecosystem ,-574.7,-577.7,-577.2,-576.8,-575.9,-577.4,-557.2,-552.5,-547.1,-543.1,-523.0,-518.3,-521.3,-524.6,-526.2,-557.3,-563.8,-572.2,-579.0,-584.5,-602.0,-605.0,-598.5,-596.1,-593.7,-571.1,-571.6
,Aboveground Biomass,-327.9,-327.3,-326.7,-326.1,-325.4,-328.8,-303.4,-298.8,-294.2,-289.2,-268.6,-272.9,-275.0,-277.0,-279.2,-314.4,-314.5,-320.3,-324.7,-328.0,-334.4,-337.2,-331.5,-329.6,-327.7,-310.0,-315.3
,Belowground Biomass,-70.0,-69.8,-69.7,-69.5,-69.3,-70.2,-64.4,-63.4,-62.3,-61.2,-56.4,-57.4,-57.8,-58.2,-58.6,-66.6,-66.4,-67.5,-68.4,-69.0,-70.3,-71.0,-69.7,-69.2,-68.7,-64.6,-65.7
,Dead Wood,-33.5,-35.0,-35.2,-35.4,-35.8,-38.3,-47.8,-48.1,-48.0,-48.7,-45.6,-35.1,-35.3,-35.6,-34.5,-40.3,-42.3,-42.7,-43.2,-43.8,-45.6,-48.5,-49.1,-49.2,-49.2,-43.7,-39.2
,Litter,-17.0,-16.8,-16.9,-16.9,-16.9,-16.8,-14.6,-14.7,-14.7,-14.7,-12.8,-13.5,-13.6,-13.7,-13.9,-14.3,-14.0,-14.2,-14.3,-14.1,-16.5,-16.5,-16.3,-16.3,-16.3,-15.2,-16.1
,Soil (Mineral),-126.1,-128.8,-128.7,-128.9,-128.5,-123.3,-127.0,-127.6,-127.8,-129.2,-139.6,-139.3,-139.6,-140.0,-140.1,-121.7,-126.7,-127.6,-128.4,-129.7,-135.3,-131.9,-132.0,-131.9,-131.9,-137.6,-135.4
,Soil (Organic)a,-0.1,-0.1,-0.1,-0.1,-0.1,-0.1,-0.1,-0.1,-0.1,+,+,+,+,+,+,+,+,+,+,0.1,0.1,0.1,0.1,0.1,0.1,0.1,0.1
,Harvested Wood,-123.8,-123.8,-120.7,-122.5,-118.4,-112.2,-117.3,-114.2,-119.2,-113.0,-93.5,-98.2,-94.0,-104.7,-103.2,-108.0,-103.0,-76.8,-53.4,-59.4,-67.3,-65.7,-69.2,-75.6,-76.4,-95.9,-99.6
,Products in Use,-54.8,-59.9,-54.9,-58.4,-55.2,-51.7,-54.0,-49.1,-51.9,-47.1,-31.9,-35.1,-34.7,-45.0,-43.4,-44.6,-39.1,-14.0,7.7,1.4,-5.7,-3.9,-7.0,-13.0,-13.7,-31.4,-33.5
,SWDS,-69.0,-63.9,-65.8,-64.1,-63.2,-60.5,-63.3,-65.0,-67.3,-65.9,-61.5,-63.1,-59.3,-59.7,-59.9,-63.5,-63.9,-62.8,-61.1,-60.8,-61.6,-61.8,-62.2,-62.6,-62.7,-64.4,-66.1
,Total Net Flux,-698.4,-701.5,-697.9,-699.3,-694.3,-689.6,-674.5,-666.7,-666.3,-656.1,-616.5,-616.4,-615.2,-629.3,-629.4,-665.3,-666.8,-649.0,-632.4,-643.9,-669.3,-670.7,-667.6,-671.6,-670.0,-666.9,-671.2
,+ Absolute value does not exceed 0.05 MMT CO2 Eq.,,,,,,,,,,,,,,,,,,,,,,,,,,,
,a These estimates do not include C stock changes from drained organic soils. See Table 6-21 and Table 6-22 for CO2 emissions from drainage of organic soils from both Forest Land Remaining Forest Land and Land Converted to Forest Land.,,,,,,,,,,,,,,,,,,,,,,,,,,,
,b The approach for estimating forest ecosystem carbon stock changes on Forest Land Remaining Forest Land was consistent with the methods used in the 1990 through 2015 Inventory and is described in Annex 3.13. Only FIA plots that were used in the 1990 through 2015 Inventory were used in the current Inventory to ensure consistency with the other land use categories and maintain the area estimates reported in the Land Representation. ,,,,,,,,,,,,,,,,,,,,,,,,,,,
,"Notes: Forest ecosystem C stocks do not include forest stocks in U.S. Territories, Hawaii, a portion of managed forests in Alaska, or trees on non-forest land (e.g., agroforestry systems and urban areas�see section 6.10 Settlements Remaining Settlements for estimates of C stock change from urban trees). Parentheses indicate net C sequestration (i.e., a net removal of C from the atmosphere). Total net flux is an estimate of the actual net flux between the total forest C pool and the atmosphere. Harvested wood estimates are based on results from annual surveys and models. Totals may not sum due to independent rounding.",,,,,,,,,,,,,,,,,,,,,,,,,,,
