Table 6-11:  Net C Flux from Forest Pools in Forest Land Remaining Forest Land and Harvested Wood Pools (MMT C),,,,,,,,,,,,,,,,,,,,,,,,,,,,
,,,,,,,,,,,,,,,,,,,,,,,,,,,,
,Carbon Pool,1990,1991,1992,1993,1994,1995,1996,1997,1998,1999,2000,2001,2002,2003,2004,2005,2006,2007,2008,2009,2010,2011,2012,2013,2014,2015,2016b
,Forest Ecosystem,-156.7,-157.6,-157.4,-157.3,-157.1,-157.5,-152,-150.7,-149.2,-148.1,-142.6,-141.3,-142.2,-143.1,-143.5,-152,-153.8,-156,-157.9,-159.4,-164.2,-165,-163.2,-162.6,-161.9,-155.7,-155.9
,Aboveground Biomass,-89.4,-89.3,-89.1,-88.9,-88.7,-89.7,-82.7,-81.5,-80.2,-78.9,-73.3,-74.4,-75,-75.6,-76.2,-85.7,-85.8,-87.3,-88.5,-89.4,-91.2,-92,-90.4,-89.9,-89.4,-84.6,-86
,Belowground Biomass,-19.1,-19,-19,-19,-18.9,-19.2,-17.6,-17.3,-17,-16.7,-15.4,-15.6,-15.8,-15.9,-16,-18.2,-18.1,-18.4,-18.7,-18.8,-19.2,-19.4,-19,-18.9,-18.7,-17.6,-17.9
,Dead Wood,-9.1,-9.5,-9.6,-9.7,-9.8,-10.4,-13,-13.1,-13.1,-13.3,-12.4,-9.6,-9.6,-9.7,-9.4,-11,-11.5,-11.6,-11.8,-11.9,-12.4,-13.2,-13.4,-13.4,-13.4,-11.9,-10.7
,Litter,-4.6,-4.6,-4.6,-4.6,-4.6,-4.6,-4,-4,-4,-4,-3.5,-3.7,-3.7,-3.7,-3.8,-3.9,-3.8,-3.9,-3.9,-3.9,-4.5,-4.5,-4.4,-4.4,-4.4,-4.1,-4.4
,Soil (Mineral) ,-34.4,-35.1,-35.1,-35.1,-35,-33.6,-34.6,-34.8,-34.9,-35.2,-38.1,-38,-38.1,-38.2,-38.2,-33.2,-34.5,-34.8,-35,-35.4,-36.9,-36,-36,-36,-36,-37.5,-36.9
,Soil (Organic)a,+,+,+,+,+,+,+,+,+,+,+,+,+,+,+,+,+,+,+,+,+,+,+,+,+,+,+
,Harvested Wood,-33.8,-33.8,-32.9,-33.4,-32.3,-30.6,-32,-31.1,-32.5,-30.8,-25.5,-26.8,-25.6,-28.6,-28.1,-29.5,-28.1,-20.9,-14.6,-16.2,-18.3,-17.9,-18.9,-20.6,-20.8,-26.1,-27.2
,Products in Use,-14.9,-16.3,-15,-15.9,-15.1,-14.1,-14.7,-13.4,-14.1,-12.8,-8.7,-9.6,-9.5,-12.3,-11.8,-12.2,-10.7,-3.8,2.1,0.4,-1.6,-1.1,-1.9,-3.5,-3.7,-8.6,-9.1
,SWDS,-18.8,-17.4,-17.9,-17.5,-17.2,-16.5,-17.3,-17.7,-18.4,-18,-16.8,-17.2,-16.2,-16.3,-16.3,-17.3,-17.4,-17.1,-16.7,-16.6,-16.8,-16.9,-17,-17.1,-17.1,-17.6,-18
,Total Net Flux,-190.5,-191.3,-190.3,-190.7,-189.4,-188.1,-184,-181.8,-181.7,-178.9,-168.1,-168.1,-167.8,-171.6,-171.7,-181.5,-181.9,-177,-172.5,-175.6,-182.5,-182.9,-182.1,-183.2,-182.7,-181.9,-183.1
,+ Absolute value does not exceed 0.05 MMT C,,,,,,,,,,,,,,,,,,,,,,,,,,,
,a These estimates do not include carbon stock changes from drained organic soils. See Table 6-21 and Table 6-22 for C stock changes from drainage of organic soils from Forest Land Remaining Forest Land and Land Converted to Forest Land.,,,,,,,,,,,,,,,,,,,,,,,,,,,
,b The approach for estimating carbon stock changes on Forest Land Remaining Forest Land was consistent with the methods used in the 1990 through 2015 Inventory and is described in Annex 3.13. Only FIA plots that were used in the 1990 through 2015 Inventory were used in the current Inventory to ensure consistency with the other land use categories and maintain the area estimates reported in the Land Representation. ,,,,,,,,,,,,,,,,,,,,,,,,,,,
,"Notes: Forest C stocks do not include forest stocks in U.S. Territories, Hawaii, a portion of managed lands in Alaska, or trees on non-forest land (e.g., agroforestry systems and urban areas�see Section 6.10 Settlements Remaining Settlements for estimates of C stock change from urban trees). Parentheses indicate net C sequestration (i.e., a net removal of C from the atmosphere). Total net flux is an estimate of the actual net flux between the total forest C pool and the atmosphere. Harvested wood estimates are based on results from annual surveys and models. Totals may not sum due to independent rounding.",,,,,,,,,,,,,,,,,,,,,,,,,,,
