Table 6-83:  Approach 2 Quantitative Uncertainty Estimates for CO2 Flux from Yard Trimmings and Food Scraps in Landfills (MMT CO2 Eq. and Percent),,,,,,
,,,,,,
Source,Gas,2016 Flux Estimate,Uncertainty Range Relative to Flux Estimatea,,,
,,(MMT CO2 Eq.),(MMT CO2 Eq.),,(%),
,,,Lower Bound,Upper Bound,Lower Bound,Upper Bound
Yard Trimmings and Food Scraps,CO2,-12.1,-19,-4.8,-56%,61%
a Range of flux estimates predicted by Monte Carlo Stochastic Simulation for a 95 percent confidence interval.,,,,,,
Note: Parentheses indicate negative values or net C sequestration.,,,,,,
