Table 6-40:  Uncertainty Estimates for Non-CO2 Greenhouse Gas Emissions from Biomass Burning in Grassland (MMT CO2 Eq. and Percent),,,,,,
,,,,,,
Source,Gas,2016 Emission Estimate,Uncertainty Range Relative to Emission Estimatea,,,
,,(MMT CO2 Eq.),(MMT CO2 Eq.),,(%),
,,,Lower Bound,Upper Bound,Lower Bound,Upper Bound
Grassland Burning,CH4,0.3,0,0.7,-100%,145%
Grassland Burning,N2O,0.3,0,0.8,-100%,144%
a Range of emission estimates predicted by linear regression time-series model for a 95 percent confidence interval.,,,,,,
