"Table 1-1:  Global Atmospheric Concentration, Rate of Concentration Change, and Atmospheric Lifetime of Selected Greenhouse Gases ",,,,,,
,,,,,,
,Atmospheric Variable,CO2,CH4,N2O,SF6,CF4
,Pre-industrial atmospheric concentration,280 ppm,0.700 ppm,0.270 ppm,0 ppt,40 ppt
,Atmospheric concentration,404 ppma,1.843 ppmb,0.329 ppmc,8.9 pptd,79 ppte
,Rate of concentration change,2.3 ppm/yrg,"7 ppb/yrf,g",0.8 ppb/yrg,0.27 ppt/yrg,0.7 ppt/yrg
,Atmospheric lifetime (years) ,See footnoteh,12.4i,121i,"3,200","50,000"
,"a The atmospheric CO2 concentration is the 2016 annual average at the Mauna Loa, HI station (NOAA/ESRL 2017a). The concentration in 2017 at Mauna Loa was 407 ppm. The global atmospheric CO2 concentration, computed using an average of sampling sites across the world, was 403 ppm in 2016.",,,,,
,b The values presented are global 2016 annual average mole fractions (NOAA/ESRL 2017b). ,,,,,
,c The values presented are global 2016 annual average mole fractions (NOAA/ESRL 2017c).,,,,,
,d The values presented are global 2016 annual average mole fractions (NOAA/ESRL 2017d).,,,,,
,e The 2011 CF4 global mean atmospheric concentration is from the Advanced Global Atmospheric Gases Experiment (IPCC 2013).,,,,,
,"f The growth rate for atmospheric CH4 decreased from over 10 ppb/year in the 1980s to nearly zero in the early 2000s; recently, the growth rate has been about 7 ppb/year.",,,,,
,"g The rate of concentration change for CO2 and CH4 is the average rate of change between 2007 and 2016 (NOAA/ESRL 2017a). The rate of concentration change for N2O, SF6, and CF4 is the average rate of change between 2005 and 2011 (IPCC 2013). ",,,,,
,"h For a given amount of CO2 emitted, some fraction of the atmospheric increase in concentration is quickly absorbed by the oceans and terrestrial vegetation, some fraction of the atmospheric increase will only slowly decrease over a number of years, and a small portion of the increase will remain for many centuries or more.",,,,,
,i This lifetime has been defined as an �adjustment time� that takes into account the indirect effect of the gas on its own residence time. ,,,,,
,"Source: Pre-industrial atmospheric concentrations, atmospheric lifetime, and rate of concentration changes for CH4, N2O, SF6, and CF4 are from IPCC (2013). The rate of concentration change for CO2 is an average of the rates from 2007 through 2016 and has fluctuated between 1.9 to 3.0 ppm per year over this period (NOAA/ESRL 2017a).",,,,,
