Table 1-3:  Comparison of 100-Year GWP values,,,,,,,,
,,,,,,,,
,Gas,SAR,AR4,AR5a,AR5 with feedbacksb,Comparison to AR4,,
,,,,,,SAR,AR5,AR5 with feedbacksb
,CO2,1,1,1,1,NC,NC,NC
,CH4c,21,25,28,34,-4,3,9
,N2O,310,298,265,298,12,-33,0
,HFC-23,"11,700","14,800","12,400","13,856","-3,100","-2,400",-944
,HFC-32,650,675,677,817,-25,2,142
,HFC-125,"2,800","3,500","3,170","3,691",-700,-330,191
,HFC-134a,"1,300","1,430","1,300","1,549",-130,-130,119
,HFC-143a,"3,800","4,470","4,800","5,508",-670,330,"1,038"
,HFC-152a,140,124,138,167,16,14,43
,HFC-227ea,"2,900","3,220","3,350","3,860",-320,130,640
,HFC-236fa,"6,300","9,810","8,060","8,998","-3,510","-1,750",-812
,HFC-4310mee,"1,300","1,640","1,650","1,952",-340,10,312
,CF4,"6,500","7,390","6,630","7,349",-890,-760,-41
,C2F6,"9,200","12,200","11,100","12,340","-3,000","-1,100",140
,C4F10,"7,000","8,860","9,200","10,213","-1,860",340,"1,353"
,C6F14,"7,400","9,300","7,910","8,780","-1,900","-1,390",-520
,SF6,"23,900","22,800","23,500","26,087","1,100",700,"3,287"
,NF3,NA,"17,200","16,100","17,885",NA,"-1,100",685
,NA (Not Applicable),,,,,,,
,NC (No Change),,,,,,,
,a The GWPs presented here are the ones most consistent with the methodology used in the AR4 report. ,,,,,,,
,"b The GWP values presented here from the AR5 report include climate-carbon feedbacks for the non-CO2 gases in order to be consistent with the approach used in calculating the CO2 lifetime. Additionally, the AR5 reported separate values for fossil versus biogenic methane in order to account for the CO2 oxidation product.",,,,,,,
,c The GWP of CH4 includes the direct effects and those indirect effects due to the production of tropospheric ozone and stratospheric water vapor. The indirect effect due to the production of CO2 is only included in the value from AR5 that includes climate-carbon feedbacks.,,,,,,,
,Note: Parentheses indicate negative values.,,,,,,,
,"Source: (IPCC 2013, IPCC 2007, IPCC 2001, IPCC 1996).",,,,,,,
