Table 1-2:  Global Warming Potentials and Atmospheric Lifetimes (Years) Used in this Report,,,
,,,
,Gas,Atmospheric Lifetime,GWPa
,CO2,See footnoteb,1
,CH4c,12,25
,N2O,114,298
,HFC-23,270,"14,800"
,HFC-32,4.9,675
,HFC-125,29,"3,500"
,HFC-134a,14,"1,430"
,HFC-143a,52,"4,470"
,HFC-152a,1.4,124
,HFC-227ea,34.2,"3,220"
,HFC-236fa,240,"9,810"
,HFC-4310mee,15.9,"1,640"
,CF4,"50,000","7,390"
,C2F6,"10,000","12,200"
,C4F10,"2,600","8,860"
,C6F14,"3,200","9,300"
,SF6,"3,200","22,800"
,NF3,740,"17,200"
,a 100-year time horizon. ,,
,"b For a given amount of carbon dioxide emitted, some fraction of the atmospheric increase in concentration is quickly absorbed by the oceans and terrestrial vegetation, some fraction of the atmospheric increase will only slowly decrease over a number of years, and a small portion of the increase will remain for many centuries or more. ",,
,c The GWP of CH4 includes the direct effects and those indirect effects due to the production of tropospheric ozone and stratospheric water vapor. The indirect effect due to the production of CO2 is not included.,,
,Source: (IPCC 2007),,
