Table 1-5:  Estimated Overall Inventory Quantitative Uncertainty (MMT CO2 Eq. and Percent),,,,,,,,
,,,,,,,,
,,2016 Emission Estimate,Uncertainty Range Relative to Emission Estimatea,,,,,
,Gas,(MMT CO2 Eq.),(MMT CO2 Eq.),,(%),,(MMT CO2 Eq.),
,,,Lower Boundc,Upper Boundc,Lower Bound,Upper Bound,Meanb,Standard Deviationb
,CO2,"5,310.9","5,211.4","5,555.2",-2%,5%,"5,379.4",88.4
,CH4d,657.4,637.0,780.8,-3%,19%,699.0,36.3
,N2Od,369.5,321.7,451.8,-13%,22%,375.1,33.4
,"PFC, HFC, SF6, and NF3d",173.5,168.4,192.1,-3%,11%,180.3,6.1
,Total,"6,511.3","6,439.6","6,835.2",-1%,5%,"6,633.8",101.2
, LULUCF Emissionse,38.1,22.8,65.7,-40%,73%,38.4,11.2
, LULUCF Total Net Fluxf,-754.9,-979.5,-598.2,-30%,21%,-790.5,96.9
, LULUCF Sector Totalg,-716.8,-940.3,-560.5,-31%,22%,-752.0,97.4
,Net Emissions (Sources and Sinks),"5,794.5","5,607.0","6,155.0",-3%,6%,"5,881.8",140.9
,Notes: Total emissions (excluding emissions for which uncertainty was not quantified) is presented without LULUCF. Net emissions is presented with LULUCF.,,,,,,,
,"a The lower and upper bounds for emission estimates correspond to a 95 percent confidence interval, with the lower bound corresponding to 2.5th percentile and the upper bound corresponding to 97.5th percentile.",,,,,,,
,b Mean value indicates the arithmetic average of the simulated emission estimates; standard deviation indicates the extent of deviation of the simulated values from the mean.,,,,,,,
,c The lower and upper bound emission estimates for the sub-source categories do not sum to total emissions because the low and high estimates for total emissions were calculated separately through simulations.,,,,,,,
,"d The overall uncertainty estimates did not take into account the uncertainty in the GWP values for CH4, N2O and high GWP gases used in the Inventory emission calculations for 2016.",,,,,,,
,"e LULUCF emissions include the CH4 and N2O emissions reported for Non-CO2 Emissions from Forest Fires, Emissions from Drained Organic Soils, N2O Fluxes from Forest Soils, Non-CO2 Emissions from Grassland Fires, N2O Fluxes from Settlement Soils, Coastal Wetlands Remaining Coastal Wetlands, Peatlands Remaining Peatlands, and CH4 Emissions from Land Converted to Coastal Wetlands.",,,,,,,
,"f Net CO2 flux is the net C stock change from the following categories: Forest Land Remaining Forest Land, Land Converted to Forest Land, Cropland Remaining Cropland, Land Converted to Cropland, Grassland Remaining Grassland, Land Converted to Grassland, Changes in Organic Soils Carbon Stocks, Changes in Urban Tree Carbon Stocks, Changes in Yard Trimmings and Food Scrap Carbon Stocks in Landfills, Land Converted to Settlements, Wetlands Remaining Wetlands, and Land Converted to Wetlands. ",,,,,,,
,"g The LULUCF Sector Total is the net sum of all emissions (i.e., sources) of greenhouse gases to the atmosphere plus removals of CO2 (i.e., sinks or negative emissions) from the atmosphere.",,,,,,,
,Notes: Totals may not sum due to independent rounding. Parentheses indicate net sequestration.,,,,,,,
