Table 9-1:  Revisions to U.S. Greenhouse Gas Emissions (MMT CO2 Eq.),,,,,,,,,,,,,,,,,,,,,,,,,,,,
,,,,,,,,,,,,,,,,,,,,,,,,,,,,
,Gas/Source,1990,1991,1992,1993,1994,1995,1996,1997,1998,1999,2000,2001,2002,2003,2004,2005,2006,2007,2008,2009,2010,2011,2012,2013,2014,2015,Average Annual Change
,CO2,-1.8,-2.7,-4.5,-7.9,-7.9,-11.1,-10.1,-9.5,-1.5,-2,-0.7,-0.2,-0.3,0.6,1.2,0.2,0.7,0.4,-0.2,-0.3,1.1,1.2,4.6,5.6,3.3,9.4,-1.2
,Fossil Fuel Combustion,+,+,+,+,+,+,+,+,+,+,+,+,+,+,+,+,+,+,+,+,+,0.3,-0.3,0.4,-2,-0.5,-0.1
,Electric Power Sector,NC,NC,NC,NC,NC,NC,NC,NC,NC,NC,NC,NC,NC,NC,NC,NC,NC,NC,NC,NC,NC,NC,NC,NC,NC,+,+
,Transportation,-26.2,-26.7,-20.5,-22.2,-21.3,-28,-27,-26,-26.6,-13.6,-24.7,-29.3,-29.9,-30.3,-30.8,-31.3,-31.9,-32.4,-32.7,-33.2,-33.7,-34.3,-34.9,-35.4,-25.7,-0.9,-27.3
,Industrial,16.4,18.5,14.6,19.1,18.8,25.7,23.8,21.6,22.3,11.5,19.1,26,26,25.6,27.5,27.7,28.3,27,27.7,27.3,28.1,29.4,30,31,18.9,4,22.9
,Residential,NC,NC,NC,NC,NC,NC,NC,NC,NC,NC,NC,NC,NC,NC,NC,NC,NC,NC,NC,NC,+,0.1,+,0.1,-0.1,-2.8,-0.1
,Commercial,9.8,8.2,6,3.1,2.5,2.3,3.2,4.4,4.4,2.2,5.7,3.3,3.8,4.7,3.3,3.6,3.7,5.4,5.1,6,5.6,5.1,4.6,4.7,4.9,-0.8,4.4
,U.S. Territories,NC,NC,NC,NC,NC,NC,NC,NC,NC,NC,NC,NC,NC,NC,NC,NC,NC,NC,NC,NC,NC,NC,NC,NC,NC,NC,NC
,Non-Energy Use of Fuels,2,2,-0.1,-0.1,-0.1,+,+,+,+,-0.1,-0.1,-0.1,+,+,+,+,+,+,+,+,-0.1,-0.1,1.2,-0.2,-0.1,0.1,0.2
,Natural Gas Systems,-7.9,-9.1,-9.1,-12.7,-13,-16.6,-15.9,-15.7,-7.9,-8.3,-7.2,-7,-7.3,-6.6,-6.3,-7.6,-7.3,-8,-9.3,-9.8,-9.7,-11.4,-11.9,-13.6,-17,-17.5,-10.5
,Cement Production,NC,NC,NC,NC,NC,NC,NC,NC,NC,NC,NC,NC,NC,NC,NC,NC,NC,NC,NC,NC,NC,NC,NC,NC,NC,NC,NC
,Lime Production,NC,NC,NC,NC,NC,NC,NC,NC,NC,NC,NC,NC,NC,NC,NC,NC,NC,NC,NC,NC,NC,NC,NC,NC,NC,NC,NC
,Other Process Uses of Carbonates,1.4,1.4,1.3,1.3,1.3,1.4,1.4,1.4,1.4,1.3,1.3,1.4,1.4,1.3,1.3,1.3,1.3,1.3,1.2,1.1,1.1,1.1,1.1,1.1,1.1,1.1,1.3
,Glass Production,NC,NC,NC,NC,NC,NC,NC,NC,NC,NC,NC,NC,NC,NC,NC,NC,NC,NC,NC,NC,NC,NC,NC,NC,NC,NC,NC
,Soda Ash Production,-1.4,-1.4,-1.3,-1.3,-1.3,-1.4,-1.4,-1.4,-1.4,-1.3,-1.3,-1.4,-1.4,-1.3,-1.3,-1.3,-1.3,-1.3,-1.2,-1.1,-1.1,-1.1,-1.1,-1.1,-1.1,-1.1,-1.3
,Carbon Dioxide Consumption,NC,NC,NC,NC,NC,NC,NC,NC,NC,NC,NC,NC,NC,NC,NC,NC,NC,NC,NC,NC,NC,NC,NC,NC,NC,0.2,+
,Incineration of Waste,NC,NC,NC,NC,NC,NC,NC,NC,NC,NC,NC,NC,NC,NC,NC,NC,NC,NC,NC,NC,+,NC,+,+,+,+,+
,Titanium Dioxide Production,NC,NC,NC,NC,NC,NC,NC,NC,NC,NC,NC,NC,NC,NC,NC,NC,NC,NC,NC,NC,NC,NC,NC,NC,NC,NC,NC
,Aluminum Production,NC,NC,NC,NC,NC,NC,NC,NC,NC,NC,NC,NC,NC,NC,NC,NC,NC,NC,NC,NC,NC,NC,NC,NC,NC,NC,NC
,Iron and Steel Production & Metallurgical Coke Production,0.1,0.2,0.2,0.2,0.2,0.3,0.2,0.2,0.2,0.3,0.2,0.2,0.2,0.1,0.2,0.2,0.2,0.2,0.1,0.1,0.1,0.1,0.2,0.1,-0.3,-1.1,0.1
,Ferroalloy Production,NC,NC,NC,NC,NC,NC,NC,NC,NC,NC,NC,NC,NC,NC,NC,NC,NC,NC,NC,NC,NC,NC,NC,NC,NC,NC,NC
,Ammonia Production,NC,NC,NC,NC,NC,NC,NC,NC,NC,NC,NC,NC,NC,NC,NC,NC,NC,NC,NC,NC,NC,NC,NC,NC,NC,0.1,+
,Urea Consumption for Non-Agricultural Purposes,NC,NC,NC,NC,NC,NC,NC,NC,NC,NC,NC,NC,NC,NC,NC,NC,NC,NC,NC,NC,NC,+,+,0.1,0.2,3,0.1
,Phosphoric Acid Production,NC,NC,NC,NC,NC,NC,NC,NC,NC,NC,NC,NC,NC,NC,NC,NC,NC,NC,NC,NC,NC,NC,NC,NC,NC,NC,NC
,Petrochemical Production,-0.1,-0.1,-0.1,-0.1,-0.2,-0.2,-0.2,-0.2,-0.2,-0.2,-0.2,-0.2,-0.2,-0.2,-0.2,-0.2,-0.2,-0.2,-0.2,-0.2,NC,NC,NC,NC,NC,NC,-0.1
,Silicon Carbide Production and Consumption,NC,NC,NC,NC,NC,NC,NC,NC,NC,NC,NC,NC,NC,NC,NC,NC,NC,NC,NC,NC,NC,NC,NC,NC,NC,NC,NC
,Lead Production,NC,NC,NC,NC,NC,NC,NC,NC,NC,NC,NC,NC,NC,NC,NC,NC,NC,NC,NC,NC,NC,NC,NC,NC,NC,NC,NC
,Zinc Production,NC,NC,NC,NC,NC,NC,NC,NC,NC,NC,NC,NC,NC,NC,NC,NC,NC,NC,NC,NC,NC,NC,NC,NC,NC,+,+
,Petroleum Systems,4.1,4.5,4.6,4.8,5,5.4,5.7,6.1,6.3,6.2,6.5,6.8,7,7.3,7.5,7.8,8.1,8.4,9.1,9.6,10.8,12.2,15.4,18.9,22.8,25.2,9.1
,Abandoned Oil and Gas Wells,NC*,NC*,NC*,NC*,NC*,NC*,NC*,NC*,NC*,NC*,NC*,NC*,NC*,NC*,NC*,NC*,NC*,NC*,NC*,NC*,NC*,NC*,NC*,NC*,NC*,NC*,NC*
,Magnesium Production and Processing,NC,NC,NC,NC,NC,NC,NC,NC,NC,NC,NC,NC,NC,NC,NC,NC,NC,NC,NC,NC,NC,NC,NC,NC,NC,NC,NC
,Liming,NC,NC,NC,NC,NC,NC,NC,NC,NC,NC,NC,NC,NC,NC,NC,NC,NC,NC,NC,NC,NC,NC,NC,NC,NC,+,+
,Urea Fertilization,NC,NC,NC,NC,NC,NC,NC,NC,NC,NC,NC,NC,NC,NC,NC,NC,NC,NC,NC,NC,NC,NC,+,-0.1,-0.2,-0.1,+
,International Bunker Fuelsb,NC,NC,NC,NC,NC,NC,NC,NC,NC,NC,NC,NC,NC,NC,NC,NC,NC,NC,NC,NC,NC,NC,NC,NC,0.2,0.1,+
,"Wood Biomass, Ethanol, and Biodiesel Consumptiona",NC,NC,NC,NC,NC,NC,NC,NC,NC,NC,NC,NC,NC,NC,NC,NC,NC,NC,NC,NC,12.7,12.1,11.5,16.6,17.2,18.7,3.4
,CH4,-0.9,-0.8,-0.7,0.9,1.7,2.1,2.2,2.9,2.9,3.6,5,7.2,9.8,9.3,8.6,7.7,6.5,3.9,2.7,1.6,1.5,0.3,-3.6,3.8,4.8,9.7,3.6
,Stationary Combustion,0.1,0.1,0.1,0.1,0.1,0.1,0.1,0.1,0.2,0.1,0.2,0.2,0.3,0.3,0.4,0.4,0.5,0.5,0.5,0.5,0.7,0.7,0.8,0.8,0.8,0.9,0.4
,Mobile Combustion,7.1,7,7,6.9,7,7,7.1,7.1,7.1,6.9,6.9,7.5,7.5,7.6,7,6.5,6.3,5.5,4.7,4.2,3.9,3.4,2.9,2.6,2.2,1.8,5.8
,Coal Mining,NC,NC,NC,NC,NC,NC,NC,NC,NC,NC,NC,NC,NC,NC,NC,NC,NC,NC,NC,NC,NC,NC,NC,NC,-0.3,0.3,+
,Abandoned Underground Coal Mines,NC,NC,NC,NC,NC,NC,NC,NC,NC,NC,NC,NC,NC,NC,NC,NC,NC,NC,NC,NC,NC,NC,NC,NC,NC,NC,NC
,Natural Gas Systems,1.1,1.3,1,2.5,2.9,3.1,3.1,3.9,3.2,3.5,4.9,6.4,8.8,8.3,8.2,9.4,9.1,7.4,8,7.6,8.1,8.1,3.4,4.6,1.8,3.9,5.1
,Petroleum Systems,-15.7,-15.8,-15.4,-15.3,-14.9,-14.6,-14.6,-14.7,-14,-13.4,-13.6,-13.5,-13.5,-13.5,-13.7,-13.9,-14.2,-14.2,-15,-14.9,-15.2,-15.6,-13.8,-7.9,-4.5,-1.8,-13.4
,Abandoned Oil and Gas Wells,NC*,NC*,NC*,NC*,NC*,NC*,NC*,NC*,NC*,NC*,NC*,NC*,NC*,NC*,NC*,NC*,NC*,NC*,NC*,NC*,NC*,NC*,NC*,NC*,NC*,NC*,NC*
,Petrochemical Production,NC,NC,NC,NC,NC,NC,NC,NC,NC,NC,NC,NC,NC,NC,NC,NC,NC,NC,NC,NC,NC,NC,NC,NC,NC,NC,NC
,Silicon Carbide Production and Consumption,NC,NC,NC,NC,NC,NC,NC,NC,NC,NC,NC,NC,NC,NC,NC,NC,NC,NC,NC,NC,NC,NC,NC,NC,NC,NC,NC
,Iron and Steel Production & Metallurgical Coke Production,NC,NC,NC,NC,NC,NC,NC,NC,NC,NC,NC,NC,NC,NC,NC,NC,NC,NC,NC,NC,NC,NC,NC,NC,NC,NC,NC
,Ferroalloy Production,NC,NC,NC,NC,NC,NC,NC,NC,NC,NC,NC,NC,NC,NC,NC,NC,NC,NC,NC,NC,NC,NC,NC,NC,NC,NC,NC
,Enteric Fermentation,NC,NC,NC,NC,NC,NC,NC,NC,NC,NC,NC,NC,NC,NC,NC,NC,NC,NC,NC,NC,NC,NC,NC,NC,NC,NC,NC
,Manure Management,NC,NC,+,NC,NC,NC,NC,+,NC,NC,+,NC,+,NC,+,NC,NC,NC,NC,NC,NC,NC,NC,NC,+,NC,+
,Rice Cultivation,NC,NC,NC,NC,NC,NC,NC,NC,NC,NC,NC,NC,NC,NC,NC,NC,NC,NC,NC,NC,NC,NC,NC,0.2,1.4,1.1,0.1
,Field Burning of Agricultural Residues,NC,NC,NC,NC,NC,NC,NC,NC,NC,NC,NC,NC,NC,NC,NC,NC,NC,NC,NC,NC,NC,NC,NC,NC,NC,NC,NC
,Landfills,NC,NC,NC,NC,NC,NC,NC,NC,NC,NC,NC,NC,NC,NC,NC,-1.6,-1.8,-2.1,-2.4,-2.6,-2.8,-3.2,-3.8,-3.5,-3.8,-4,-1.2
,Wastewater Treatment,+,+,+,+,+,-0.2,-0.2,-0.3,-0.3,-0.3,-0.3,-0.2,-0.2,-0.2,-0.2,-0.2,-0.2,-0.1,-0.1,-0.1,-0.1,+,+,+,0.2,0.3,-0.1
,Composting,NC,NC,NC,NC,NC,NC,NC,NC,NC,NC,NC,NC,NC,NC,NC,NC,NC,NC,NC,NC,NC,NC,NC,NC,NC,NC,NC
,Incineration of Waste,NC,NC,NC,NC,NC,NC,NC,NC,NC,NC,NC,NC,NC,NC,NC,NC,NC,NC,NC,NC,NC,NC,NC,NC,NC,NC,NC
,International Bunker Fuelsb,NC,NC,NC,NC,NC,NC,NC,NC,NC,NC,NC,NC,NC,NC,NC,NC,NC,NC,NC,NC,NC,NC,NC,NC,NC,NC,NC
,N2O,-4.8,-5.1,-4.9,-4.6,-4.9,-4.9,-4.4,-4.4,-4.2,-3.4,-3.4,-3.4,-3.4,-3.4,-3.4,-3.9,-4.6,-3.9,-4.1,-3.9,-3.7,-4.2,-5,27.7,25.7,44.8,0.1
,Stationary Combustion,-0.8,-0.8,-0.9,-0.9,-0.9,-0.9,-0.9,-1,-1.1,-1.2,-1.4,-1.6,-2,-2.1,-2.5,-2.8,-3,-3.2,-3.3,-3.4,-3.5,-3.7,-4.5,-4.2,-4.3,-5,-2.3
,Mobile Combustion,0.5,0.5,0.5,0.6,0.7,1,1.3,1.5,1.6,1.9,2.2,2.5,2.9,3.2,3.1,3.1,3.1,3.8,3.8,3.8,3.8,3.8,3.9,4,4,4.2,2.5
,Adipic Acid Production,NC,NC,NC,NC,NC,NC,NC,NC,NC,NC,NC,NC,NC,NC,NC,NC,NC,NC,NC,NC,NC,NC,NC,NC,NC,+,+
,Nitric Acid Production,NC,NC,NC,NC,NC,NC,NC,NC,NC,NC,NC,NC,NC,NC,NC,NC,NC,NC,NC,NC,NC,NC,+,NC,NC,+,+
,Manure Management,NC,NC,NC,NC,NC,NC,NC,NC,NC,NC,NC,NC,NC,NC,NC,NC,NC,NC,NC,NC,NC,NC,NC,NC,NC,NC,NC
,Agricultural Soil Management,-6.1,-6.3,-6.3,-6,-6.5,-6.9,-6.7,-6.8,-6.7,-6.1,-6.2,-6.2,-6.3,-6.5,-6.2,-6.3,-6.8,-6.6,-6.6,-6.2,-6.1,-6.2,-6.2,26.1,24,43.7,-2
,Field Burning of Agricultural Residues,NC,NC,NC,NC,NC,NC,NC,NC,NC,NC,NC,NC,NC,NC,NC,NC,NC,NC,NC,NC,NC,NC,NC,NC,NC,NC,NC
,Wastewater Treatment,NC,NC,NC,NC,NC,NC,NC,NC,NC,NC,NC,NC,NC,NC,NC,NC,NC,NC,NC,NC,+,-0.2,-0.2,-0.2,-0.1,-0.1,+
,N2O from Product Uses,NC,NC,NC,NC,NC,NC,NC,NC,NC,NC,NC,NC,NC,NC,NC,NC,NC,NC,NC,NC,NC,NC,NC,NC,NC,NC,NC
,"Caprolactam, Glyoxal, and Glyoxylic Acid Production",NC*,NC*,NC*,NC*,NC*,NC*,NC*,NC*,NC*,NC*,NC*,NC*,NC*,NC*,NC*,NC*,NC*,NC*,NC*,NC*,NC*,NC*,NC*,NC*,NC*,NC*,NC*
,Incineration of Waste,NC,NC,NC,NC,NC,NC,NC,NC,NC,NC,NC,NC,NC,NC,NC,NC,NC,NC,NC,NC,NC,NC,NC,NC,NC,NC,NC
,Composting,NC,NC,NC,NC,NC,NC,NC,NC,NC,NC,NC,NC,NC,NC,NC,NC,NC,NC,NC,NC,NC,NC,NC,NC,NC,NC,NC
,Semiconductor Manufacture,NC,NC,NC,NC,NC,NC,NC,NC,NC,NC,NC,NC,NC,NC,NC,NC,NC,NC,NC,NC,NC,+,+,+,+,+,+
,International Bunker Fuelsb,NC,NC,NC,NC,NC,NC,NC,NC,NC,NC,NC,NC,NC,NC,NC,NC,NC,NC,NC,NC,NC,NC,NC,NC,+,+,+
,HFCs,NC,NC,NC,0.1,0.3,0.5,0.7,1,1.3,1.6,1.9,2.1,2.3,2.5,2.7,3,2.6,2,1.3,0.6,-1.5,-2.8,-5.4,-7.9,-10,-12.4,-0.5
,Substitution of Ozone Depleting Substancesd,NC,NC,NC,0.1,0.3,0.5,0.7,1,1.3,1.6,1.9,2.1,2.3,2.5,2.7,3,2.6,2,1.4,0.6,-1.5,-2.8,-5.4,-7.9,-10,-12.4,-0.5
,HCFC-22 Production,NC,NC,NC,NC,NC,NC,NC,NC,NC,NC,NC,NC,NC,NC,NC,NC,NC,NC,NC,NC,NC,NC,NC,NC,NC,NC,NC
,Semiconductor Manufacture,NC,NC,NC,NC,NC,NC,NC,NC,NC,NC,+,+,+,+,+,+,+,+,+,+,+,+,+,+,+,+,+
,Magnesium Production and Processing,NC,NC,NC,NC,NC,NC,NC,NC,NC,NC,NC,NC,NC,NC,NC,NC,NC,NC,NC,NC,NC,NC,NC,NC,NC,NC,NC
,PFCs,NC,NC,NC,NC,NC,NC,NC,NC,NC,NC,+,+,+,+,+,0.1,0.1,0.1,0.1,0.1,0.1,+,-0.1,+,-0.1,-0.1,+
,Aluminum Production,NC,NC,NC,NC,NC,NC,NC,NC,NC,NC,NC,NC,NC,NC,NC,NC,NC,NC,NC,NC,NC,NC,NC,NC,NC,NC,NC
,Semiconductor Manufacture,NC,NC,NC,NC,NC,NC,NC,NC,NC,NC,+,+,+,+,+,0.1,0.1,0.1,0.1,0.1,0.1,+,-0.1,+,-0.1,-0.1,+
, Substitution of Ozone Depleting Substancesd,NC,NC,NC,NC,NC,NC,NC,NC,NC,NC,NC,NC,NC,NC,NC,NC,NC,NC,NC,NC,NC,NC,NC,NC,NC,NC,NC
,SF6,+,+,+,+,+,+,+,+,+,+,+,+,+,+,+,0.1,0.1,+,+,-0.1,+,+,-0.2,-0.1,-0.2,0.1,+
,Electrical Transmission and Distribution,+,+,+,+,+,+,+,+,+,+,+,+,+,+,+,0.1,0.1,+,+,-0.1,+,+,-0.1,-0.1,-0.2,0.1,+
,Semiconductor Manufacture,NC,NC,NC,NC,NC,NC,NC,NC,NC,NC,+,+,+,+,+,+,+,+,+,+,+,-0.1,+,+,+,+,+
,Magnesium Production and Processing,NC,NC,NC,NC,NC,NC,NC,NC,NC,NC,NC,NC,NC,NC,NC,NC,NC,NC,NC,NC,NC,NC,NC,NC,+,+,+
,NF3,NC,NC,NC,NC,NC,NC,NC,NC,NC,NC,+,+,+,+,+,+,+,+,+,+,+,+,+,+,+,+,+
,Semiconductor Manufacture,NC,NC,NC,NC,NC,NC,NC,NC,NC,NC,+,+,+,+,+,+,+,+,+,+,+,+,+,+,+,+,+
,Net Emissions (Sources and Sinks),-7.4,-8.5,-10.1,-11.6,-10.9,-13.4,-11.6,-9.9,-1.5,-0.1,2.8,5.7,8.4,9,9.1,7,5.4,2.4,-0.2,-2,-2.5,-5.6,-9.5,29.1,23.5,51.5,
,Percent Change,-0.10%,-0.10%,-0.20%,-0.20%,-0.20%,-0.20%,-0.20%,-0.10%,0.00%,0.00%,0.00%,0.10%,0.10%,0.10%,0.10%,0.10%,0.10%,0.00%,0.00%,0.00%,0.00%,-0.10%,-0.20%,0.40%,0.40%,0.80%,
,Note: Net change in total emissions presented without LULUCF.,,,,,,,,,,,,,,,,,,,,,,,,,,,
,NC (No Change),,,,,,,,,,,,,,,,,,,,,,,,,,,
,+ Absolute value does not exceed 0.05 MMT CO2 Eq. or 0.05 percent.,,,,,,,,,,,,,,,,,,,,,,,,,,,
,* Indicates a new source for the current Inventory year.,,,,,,,,,,,,,,,,,,,,,,,,,,,
,a Not included in emissions total.,,,,,,,,,,,,,,,,,,,,,,,,,,,
,b Sinks are only included in net emissions total.,,,,,,,,,,,,,,,,,,,,,,,,,,,
,Notes: Totals may not sum due to independent rounding. Parentheses indicate negative values.,,,,,,,,,,,,,,,,,,,,,,,,,,,
