"Table 9-2:  Revisions to U.S. Greenhouse Gas Emissions and Removals (Net Flux) from Land Use, Land-Use Change, and Forestry (MMT CO2 Eq.)",,,,,,,,,,,,,,,,,,,,,,,,,,,
Land Use Category,1990,1991,1992,1993,1994,1995,1996,1997,1998,1999,2000,2001,2002,2003,2004,2005,2006,2007,2008,2009,2010,2011,2012,2013,2014,2015,Average Annual Change
Forest Land Remaining Forest Land,+,0.1,+,+,+,+,0.1,+,+,+,+,0.1,0.2,+,0.2,+,-0.1,-0.2,0.1,-0.1,+,+,+,+,-0.1,18.6,0.7
Changes in Forest Carbon Stocksa,+,+,+,+,+,+,0.1,+,+,+,+,0.1,+,+,+,0.1,+,+,+,+,+,+,+,+,+,+,+
Non-CO2 Emissions from Forest Fires,+,0.1,+,+,0.1,+,+,+,0.1,+,+,+,0.2,+,0.1,+,-0.1,-0.2,0.2,-0.1,+,+,+,+,-0.1,18.6,0.7
N2O Emissions from Forest Soilsb,NC,NC,NC,NC,NC,NC,NC,NC,NC,NC,NC,NC,NC,NC,NC,NC,NC,NC,NC,NC,NC,NC,NC,NC,NC,NC,NC
Non-CO2 Emissions from Drained Organic Soils,+,+,+,+,+,+,+,+,+,+,+,+,+,+,+,+,+,+,+,+,+,+,+,+,+,+,+
Land Converted to Forest Land,NC,-0.1,+,-0.1,-0.1,-0.1,-0.1,-0.2,-0.3,-0.3,-0.4,-0.3,-0.3,-0.2,-0.2,-0.2,0.3,0.3,0.3,0.3,0.3,0.3,0.3,0.3,0.2,0.2,+
Changes in Forest Carbon Stocksc,NC,-0.1,+,-0.1,-0.1,-0.1,-0.1,-0.2,-0.3,-0.3,-0.4,-0.3,-0.3,-0.2,-0.2,-0.2,0.3,0.3,0.3,0.3,0.3,0.3,0.3,0.3,0.2,0.2,+
Cropland Remaining Cropland,NC,NC,NC,NC,NC,NC,NC,NC,NC,NC,NC,NC,NC,NC,NC,NC,NC,NC,NC,NC,NC,NC,NC,8.2,6.7,11.7,1
Changes in Mineral and Organic Soil Carbon Stocks,NC,NC,NC,NC,NC,NC,NC,NC,NC,NC,NC,NC,NC,NC,NC,NC,NC,NC,NC,NC,NC,NC,NC,8.2,6.7,11.7,1
Land Converted to Cropland,NC,NC,NC,NC,NC,NC,NC,NC,NC,NC,NC,NC,NC,NC,NC,NC,NC,NC,NC,NC,NC,NC,NC,0.6,0.5,0.4,0.1
Changes in all Ecosystem Carbon Stocksd,NC,NC,NC,NC,NC,NC,NC,NC,NC,NC,NC,NC,NC,NC,NC,NC,NC,NC,NC,NC,NC,NC,NC,0.6,0.5,0.4,0.1
Grassland Remaining Grassland,NC,NC,NC,NC,NC,NC,NC,NC,NC,NC,NC,NC,NC,NC,NC,NC,NC,NC,NC,NC,NC,NC,NC,16.7,12.8,30.3,2.3
Changes in Mineral and Organic Soil Carbon Stocks,NC,NC,NC,NC,NC,NC,NC,NC,NC,NC,NC,NC,NC,NC,NC,NC,NC,NC,NC,NC,NC,NC,NC,16.7,12.8,30.5,2.3
Non-CO2 Emissions from Grassland Fires,NC,NC,NC,NC,NC,NC,NC,NC,NC,NC,NC,NC,NC,NC,NC,NC,NC,NC,NC,NC,NC,NC,NC,NC,NC,-0.2,+
Land Converted to Grassland,NC,NC,NC,NC,NC,NC,NC,NC,NC,NC,NC,NC,NC,NC,NC,NC,NC,NC,NC,NC,NC,NC,NC,1.4,1,2.9,0.2
Changes in all Ecosystem Carbon Stocksd,NC,NC,NC,NC,NC,NC,NC,NC,NC,NC,NC,NC,NC,NC,NC,NC,NC,NC,NC,NC,NC,NC,NC,1.4,1,2.9,0.2
Wetlands Remaining Wetlands,NC,NC,NC,NC,NC,NC,NC,NC,NC,NC,NC,NC,NC,NC,NC,NC,NC,NC,NC,NC,NC,NC,NC,NC,NC,NC,NC
Changes in Organic Soil Carbon Stocks in Peatlands,NC*,NC*,NC*,NC*,NC*,NC*,NC*,NC*,NC*,NC*,NC*,NC*,NC*,NC*,NC*,NC*,NC*,NC*,NC*,NC*,NC*,NC*,NC*,NC*,NC*,NC*,NC*
Changes in Mineral and Organic Soil Carbon Stocks in Coastal Wetlands,-1.1,-1,-0.9,-1,-0.9,-1.1,-0.9,-1.1,-1.1,-1.2,-1.3,-1.2,-1,-1,-1.2,-1.1,-0.9,-1,-1,-1,-1,-0.9,-0.8,-0.8,-0.8,-0.8,-1
CH4 Emissions from Coastal Wetlands Remaining Coastal Wetlands,NC,NC,NC,NC,NC,NC,NC,NC,NC,NC,NC,NC,NC,NC,NC,NC,NC,NC,NC,NC,NC,NC,NC,NC,NC,NC,NC
N2O Emissions from Coastal Wetlands Remaining Coastal Wetlands,NC,NC,NC,NC,NC,NC,NC,NC,NC,NC,NC,NC,NC,NC,NC,NC,NC,NC,NC,NC,NC,NC,NC,NC,NC,NC,NC
Non-CO2 Emissions from Peatlands Remaining Peatlands,NC,NC,NC,NC,NC,NC,NC,NC,NC,NC,NC,NC,NC,NC,NC,NC,NC,NC,NC,NC,NC,NC,NC,NC,NC,NC,NC
Land Converted to Wetlands,+,+,+,+,+,+,+,+,+,+,+,+,+,+,+,+,+,+,+,+,+,+,+,+,+,+,+
Changes in Mineral and Organic Soil Carbon Stockse,+,+,+,+,+,+,+,+,+,+,+,+,+,+,+,+,+,+,+,+,+,+,+,+,+,+,+
CH4 Emissions from Land Converted to Coastal Wetlands,NC,NC,NC,NC,NC,NC,NC,NC,NC,NC,NC,NC,NC,NC,NC,NC,NC,NC,NC,NC,NC,NC,NC,NC,NC,NC,NC
Settlements Remaining Settlements,NC,NC,NC,NC,NC,NC,NC,NC,NC,NC,NC,NC,NC,NC,NC,NC,NC,NC,NC,NC,NC,NC,NC,0.1,0.1,+,+
Changes in Organic Soil Carbon Stocks,NC,NC,NC,NC,NC,NC,NC,NC,NC,NC,NC,NC,NC,NC,NC,NC,NC,NC,NC,NC,NC,NC,NC,+,+,+,+
Changes in Urban Tree Carbon Stocks,NC,NC,NC,NC,NC,NC,NC,NC,NC,NC,NC,NC,NC,NC,NC,NC,NC,NC,NC,NC,NC,NC,NC,NC,NC,NC,NC
Changes in Yard Trimming and Food Scrap Carbon Stocks in Landfills,NC,NC,NC,NC,NC,NC,NC,NC,NC,NC,NC,NC,NC,NC,NC,NC,NC,NC,NC,NC,NC,NC,NC,NC,NC,NC,NC
N2O Emissions from Settlement Soilsf,NC,NC,NC,NC,NC,NC,NC,NC,NC,NC,NC,NC,NC,NC,NC,NC,NC,NC,NC,NC,NC,NC,NC,+,0.1,+,+
Land Converted to Settlements,NC,NC,NC,NC,NC,NC,NC,NC,NC,NC,NC,NC,NC,NC,NC,NC,NC,NC,NC,NC,NC,NC,NC,0.1,-0.1,-0.2,+
Changes in all Ecosystem Carbon Stocksd,NC,NC,NC,NC,NC,NC,NC,NC,NC,NC,NC,NC,NC,NC,NC,NC,NC,NC,NC,NC,NC,NC,NC,0.1,-0.1,-0.2,+
LULUCF Emissionsg,+,0.1,+,+,0.1,+,+,+,0.1,+,+,+,0.2,+,0.1,+,-0.1,-0.2,0.2,-0.1,+,+,+,+,-0.1,18.4,
LULUCF Total Net Fluxh,+,-0.1,-0.1,-0.1,-0.2,-0.1,-0.1,-0.2,-0.3,-0.4,-0.4,-0.3,-0.3,-0.3,-0.2,-0.2,0.2,0.3,0.2,0.3,0.3,0.2,0.3,27.2,21.1,45.3,
LULUCF Sector Totali,+,+,+,-0.1,-0.1,-0.1,-0.1,-0.2,-0.3,-0.4,-0.4,-0.3,-0.1,-0.2,+,-0.2,0.1,0.1,0.4,0.2,0.3,0.2,0.3,27.2,21,63.7,
Percent Change,0.00%,0.00%,0.00%,0.00%,0.00%,0.00%,0.00%,0.00%,0.00%,-0.10%,-0.10%,0.00%,0.00%,0.00%,0.00%,0.00%,0.00%,0.00%,0.10%,0.00%,0.00%,0.00%,0.00%,3.60%,2.80%,8.40%,
NC (No Change),,,,,,,,,,,,,,,,,,,,,,,,,,,
+ Absolute value does not exceed 0.05 MMT CO2 Eq. or 0.05 percent.,,,,,,,,,,,,,,,,,,,,,,,,,,,
a Includes the net changes to carbon stocks stored in all forest ecosystem pools (including drained and undrained organic soils) and harvested wood products.,,,,,,,,,,,,,,,,,,,,,,,,,,,
b Estimates include emissions from N fertilizer additions on both Forest Land Remaining Forest Land and Land Converted to Forest Land.,,,,,,,,,,,,,,,,,,,,,,,,,,,
c Includes the net changes to carbon stocks stored in all forest ecosystem pools (excludes drained organic soils which are included in the flux from Forest Land Remaining Forest Land because it is not possible to separate the activity data at this time).,,,,,,,,,,,,,,,,,,,,,,,,,,,
"d Includes changes in mineral and organic soil carbon stocks for all land use conversions to cropland, grassland, and settlements, respectively. Also includes aboveground/belowground biomass, dead wood, and litter carbon stock changes for conversion of forest land to cropland, grassland, and settlements, respectively.",,,,,,,,,,,,,,,,,,,,,,,,,,,
e Includes carbon stock changes for land converted to vegetated coastal wetlands.,,,,,,,,,,,,,,,,,,,,,,,,,,,
f Estimates include emissions from N fertilizer additions on both Settlements Remaining Settlements and Land Converted to Settlements.,,,,,,,,,,,,,,,,,,,,,,,,,,,
"g LULUCF emissions include the CH4 and N2O emissions reported for Peatlands Remaining Peatlands, Forest Fires, Drained Organic Soils, Grassland Fires, and Coastal Wetlands Remaining Coastal Wetlands; CH4 emissions from Land Converted to Coastal Wetlands; and N2O emissions from Forest Soils and Settlement Soils. ",,,,,,,,,,,,,,,,,,,,,,,,,,,
h LULUCF Carbon Stock Change includes any C stock gains and losses from all land use and land use conversion categories.,,,,,,,,,,,,,,,,,,,,,,,,,,,
i The LULUCF Sector Net Total is the net sum of all CH4 and N2O emissions to the atmosphere plus net carbon stock changes.,,,,,,,,,,,,,,,,,,,,,,,,,,,
Notes: Totals may not sum due to independent rounding. Parentheses indicate net sequestration.,,,,,,,,,,,,,,,,,,,,,,,,,,,
