Country,Electricity Exports (KWH),Electricity Imports (KWH),Electricity Installed Generating Capacity (KW),Electricity Production (KWH),Electricity Consumption (KWH),Electricity from Fossil Fuels (% of total installed capacity),Electricity from Nuclear Fuels (% of total installed capacity),Electricity from Hydroelectric Plants (% of total installed capacity),Electricity from Other Renewable Sources (% of total installed capacity),Crude Oil Production (barrels per day),Crude Oil Exports (barrels per day),Crude Oil Imports (barrels per day),Crude Oil Proved Reserves (barrels),Refined Petroleum Products Production (barrels per day),Refined Petroleum Products Consumption (barrels per day),Refined Petroleum Products Imports (barrels per day),Refined Petroleum Products Exports (barrels per day),Natural Gas Production (cubic meters),Natural Gas Consumption (cubic meters),Natural Gas Esports (cubic meters),Natural Gas Imports (cubic meters),Natural Gas Proved Reserves (cubic meters),CO2 Emissions from Energy Consumption (metric tons)
Germany,78860000000.0,28340000000.0,204100000.0,588500000000.0,514600000000.0,41.0,5.0,2.0,52.0,43410.0,6569.0,1836000.0,145400000.0,2158000.0,2460000.0,883800.0,494000.0,7900000000.0,93360000000.0,34610000000.0,119500000000.0,41990000000.0,744000000.0
Canada,73350000000.0,9303000000.0,147600000.0,643200000000.0,516600000000.0,23.0,9.0,56.0,12.0,3977000.0,2818000.0,806700.0,169700000000.0,2009000.0,2445000.0,405700.0,1115000.0,159100000000.0,124400000000.0,83960000000.0,26360000000.0,2182000000000.0,564000000.0
France,61410000000.0,20790000000.0,129300000.0,536100000000.0,436100000000.0,17.0,50.0,15.0,19.0,15170.0,0.0,1147000.0,72350000.0,1311000.0,1705000.0,886800.0,440600.0,16990000.0,41880000000.0,6031000000.0,48590000000.0,8608000000.0,385600000.0
Paraguay,41130000000.0,0.0,8870000.0,55190000000.0,10470000000.0,0.0,0.0,99.0,1.0,0.0,0.0,0.0,0.0,0.0,43000.0,40760.0,0.0,0.0,0.0,0.0,0.0,0.0,3900000.0
Switzerland,30170000000.0,34100000000.0,19620000.0,64060000000.0,58450000000.0,3.0,18.0,67.0,13.0,0.0,0.0,57400.0,0.0,61550.0,223900.0,165100.0,7345.0,0.0,3709000000.0,0.0,3681000000.0,,45000000.0
Sweden,26020000000.0,14290000000.0,39670000.0,154300000000.0,125400000000.0,5.0,22.0,42.0,32.0,0.0,14570.0,400200.0,0.0,413200.0,323100.0,229600.0,371100.0,0.0,764500000.0,0.0,764500000.0,0.0,62000000.0
Czechia,24790000000.0,13820000000.0,21510000.0,77740000000.0,61160000000.0,60.0,19.0,5.0,16.0,2000.0,446.0,155900.0,15000000.0,177500.0,213700.0,83860.0,52200.0,229400000.0,8721000000.0,0.0,8891000000.0,3964000000.0,86180000.0
Netherlands,19340000000.0,24260000000.0,33860000.0,102500000000.0,106000000000.0,75.0,1.0,0.0,23.0,18170.0,7984.0,1094000.0,113200000.0,1282000.0,954500.0,2148000.0,2406000.0,45330000000.0,43380000000.0,51250000000.0,51000000000.0,786600000000.0,184800000.0
Austria,19210000000.0,26370000000.0,25200000.0,67880000000.0,70700000000.0,25.0,0.0,43.0,31.0,14260.0,0.0,146600.0,43000000.0,186500.0,268000.0,135500.0,49960.0,1274000000.0,9486000000.0,5437000000.0,14020000000.0,6994000000.0,79700000.0
China,18910000000.0,6185000000.0,1646000000.0,6142000000000.0,5920000000000.0,62.0,2.0,18.0,18.0,3838000.0,57310.0,6710000.0,25620000000.0,11510000.0,12470000.0,1160000.0,848400.0,145900000000.0,238600000000.0,3370000000.0,97630000000.0,5194000000000.0,9135000000.0
South Africa,16550000000.0,10560000000.0,47280000.0,229200000000.0,207700000000.0,85.0,4.0,1.0,10.0,2000.0,0.0,404000.0,15000000.0,487100.0,621000.0,195200.0,105600.0,906100000.0,5069000000.0,0.0,4162000000.0,15010000000.0,482000000.0
Norway,15530000000.0,5700000000.0,33850000.0,149500000000.0,133100000000.0,3.0,0.0,93.0,4.0,1618000.0,1383000.0,36550.0,6611000000.0,371600.0,205300.0,135300.0,432800.0,123900000000.0,4049000000.0,120200000000.0,5663000.0,1856000000000.0,53900000.0
Spain,14180000000.0,21850000000.0,106700000.0,267100000000.0,240400000000.0,47.0,7.0,14.0,32.0,2252.0,0.0,1325000.0,150000000.0,1361000.0,1296000.0,464800.0,562400.0,36810000.0,31270000000.0,2888000000.0,34630000000.0,2548000000.0,276000000.0
Russia,13130000000.0,3194000000.0,263500000.0,1008000000000.0,890100000000.0,68.0,11.0,21.0,1.0,10580000.0,4921000.0,76220.0,80000000000.0,6076000.0,3650000.0,41920.0,2671000.0,665600000000.0,467500000000.0,210200000000.0,15770000000.0,47800000000000.0,1756000000.0
Uzbekistan,13000000000.0,13000000000.0,12930000.0,59000000000.0,48000000000.0,86.0,0.0,14.0,0.0,46070.0,27000.0,420.0,594000000.0,61740.0,60000.0,0.0,3977.0,52100000000.0,43070000000.0,9401000000.0,0.0,1841000000000.0,109000000.0
Mozambique,12880000000.0,10550000000.0,2556000.0,19580000000.0,13860000000.0,16.0,0.0,83.0,1.0,0.0,0.0,0.0,0.0,0.0,26000.0,25130.0,0.0,6003000000.0,1841000000.0,4162000000.0,0.0,2832000000000.0,3900000.0
Poland,12020000000.0,14020000000.0,37320000.0,152100000000.0,141300000000.0,79.0,0.0,2.0,19.0,20070.0,4451.0,493100.0,137800000.0,554200.0,649600.0,222300.0,104800.0,5748000000.0,20100000000.0,1246000000.0,15720000000.0,81660000000.0,257600000.0
Romania,11220000000.0,4492000000.0,24030000.0,62160000000.0,48280000000.0,47.0,6.0,29.0,19.0,73740.0,2076.0,145300.0,600000000.0,232600.0,198000.0,49420.0,103000.0,10870000000.0,11580000000.0,22650000.0,1218000000.0,105500000000.0,60780000.0
Slovakia,10600000000.0,13250000000.0,7110000.0,24850000000.0,25870000000.0,36.0,27.0,24.0,13.0,200.0,1022.0,111200.0,9000000.0,131300.0,85880.0,38340.0,81100.0,104800000.0,4672000000.0,0.0,4984000000.0,14160000000.0,28120000.0
Denmark,9919000000.0,14980000000.0,14010000.0,27340000000.0,31410000000.0,46.0,0.0,0.0,54.0,137100.0,82980.0,98240.0,490600000.0,183900.0,158500.0,109700.0,133700.0,4842000000.0,3115000000.0,2237000000.0,509700000.0,16880000000.0,42000000.0
Portugal,9701000000.0,4616000000.0,19630000.0,49660000000.0,47030000000.0,41.0,0.0,25.0,35.0,0.0,0.0,285200.0,0.0,323000.0,247200.0,78700.0,143500.0,0.0,6258000000.0,0.0,6541000000.0,0.0,43980000.0
United States,9695000000.0,80660000000.0,1074000000.0,4088000000000.0,3911000000000.0,70.0,9.0,7.0,14.0,9352000.0,1158000.0,7969000.0,36520000000.0,20300000.0,19960000.0,2175000.0,5218000.0,772800000000.0,767600000000.0,89700000000.0,86150000000.0,8714000000000.0,5402000000.0
Bulgaria,9187000000.0,3706000000.0,12700000.0,45040000000.0,35240000000.0,39.0,20.0,23.0,19.0,1000.0,0.0,133900.0,15000000.0,144300.0,97000.0,49260.0,92720.0,79280000.0,3313000000.0,31150000.0,3256000000.0,5663000000.0,42980000.0
Laos,8469000000.0,2050000000.0,4541000.0,11460000000.0,4239000000.0,28.0,0.0,72.0,1.0,0.0,0.0,0.0,0.0,0.0,18000.0,17460.0,0.0,0.0,0.0,0.0,0.0,0.0,500000.0
Belgium,8465000000.0,14650000000.0,21150000.0,64780000000.0,81960000000.0,35.0,28.0,1.0,36.0,0.0,0.0,687600.0,0.0,731700.0,648600.0,601400.0,680800.0,0.0,17610000000.0,736200000.0,18090000000.0,0.0,93620000.0
Slovenia,7972000000.0,8205000000.0,3738000.0,16330000000.0,16560000000.0,37.0,20.0,34.0,9.0,5.0,0.0,0.0,0.0,0.0,52140.0,93060.0,29350.0,8000000.0,906100000.0,2832000.0,906100000.0,0.0,11520000.0
Mexico,7308000000.0,392000000.0,65450000.0,292700000000.0,245200000000.0,71.0,2.0,17.0,9.0,1981000.0,1214000.0,0.0,7640000000.0,844600.0,1984000.0,867500.0,155800.0,31570000000.0,81610000000.0,36810000.0,50120000000.0,355700000000.0,455000000.0
Iran,6822000000.0,4148000000.0,72940000.0,265100000000.0,220900000000.0,84.0,1.0,15.0,0.0,4469000.0,750200.0,0.0,158400000000.0,1764000.0,1804000.0,64160.0,397200.0,214500000000.0,206900000000.0,11640000000.0,3993000000.0,33500000000000.0,650400000.0
Serbia,6428000000.0,5065000000.0,7594000.0,38110000000.0,26780000000.0,65.0,0.0,35.0,1.0,18740.0,123.0,40980.0,77500000.0,74350.0,74000.0,18720.0,15750.0,509700000.0,2718000000.0,0.0,2010000000.0,48140000000.0,56550000.0
Italy,6155000000.0,43180000000.0,117000000.0,269300000000.0,296000000000.0,54.0,0.0,14.0,32.0,77530.0,13790.0,1341000.0,556700000.0,1607000.0,1236000.0,422500.0,615900.0,5550000000.0,75150000000.0,271800000.0,69660000000.0,49130000000.0,362000000.0
Bosnia and Herzegovina,6007000000.0,3872000000.0,4243000.0,14970000000.0,11440000000.0,49.0,0.0,51.0,1.0,0.0,0.0,18480.0,0.0,0.0,32000.0,18280.0,4603.0,0.0,226500000.0,0.0,226500000.0,0.0,17000000.0
Bhutan,5763000000.0,84160000.0,1623000.0,7954000000.0,2009000000.0,1.0,0.0,99.0,0.0,0.0,0.0,0.0,0.0,0.0,3000.0,3120.0,0.0,0.0,0.0,0.0,0.0,0.0,518100.0
Estonia,5613000000.0,3573000000.0,2547000.0,12180000000.0,7664000000.0,72.0,0.0,0.0,28.0,0.0,0.0,0.0,0.0,0.0,28300.0,35520.0,27150.0,0.0,481400000.0,0.0,481400000.0,0.0,4500000.0
Hungary,5240000000.0,17950000000.0,8468000.0,28670000000.0,38660000000.0,64.0,22.0,1.0,13.0,14000.0,2713.0,121000.0,25100000.0,152400.0,167700.0,82110.0,58720.0,1812000000.0,10390000000.0,3520000000.0,13370000000.0,7702000000.0,44450000.0
Israel,5200000000.0,0.0,17220000.0,60440000000.0,52780000000.0,95.0,0.0,0.0,5.0,390.0,0.0,231600.0,12730000.0,294300.0,242200.0,98860.0,111700.0,9826000000.0,9995000000.0,0.0,509700000.0,176000000000.0,62500000.0
India,5150000000.0,5244000000.0,308800000.0,1289000000000.0,1048000000000.0,71.0,2.0,12.0,16.0,733900.0,0.0,4057000.0,4534000000.0,4897000.0,4521000.0,653300.0,1305000.0,31540000000.0,55430000000.0,76450000.0,23960000000.0,1164000000000.0,2271000000.0
Kazakhstan,5100000000.0,1200000000.0,22060000.0,103100000000.0,97600000000.0,86.0,0.0,14.0,1.0,1777000.0,1409000.0,1480.0,30000000000.0,290700.0,274000.0,39120.0,105900.0,22410000000.0,15370000000.0,12800000000.0,5748000000.0,2407000000000.0,257800000.0
Latvia,3795000000.0,4828000000.0,2935000.0,5342000000.0,6712000000.0,39.0,0.0,53.0,8.0,0.0,0.0,0.0,0.0,0.0,44600.0,54370.0,16180.0,0.0,1218000000.0,0.0,1246000000.0,0.0,7260000.0
Ukraine,3591000000.0,2241000000.0,56920000.0,152200000000.0,133400000000.0,65.0,23.0,8.0,3.0,29650.0,413.0,4720.0,395000000.0,63670.0,233000.0,167000.0,1828.0,19730000000.0,30920000000.0,0.0,12970000000.0,1104000000000.0,291000000.0
Belarus,3482000000.0,6104000000.0,10080000.0,32040000000.0,31750000000.0,96.0,0.0,1.0,3.0,32000.0,31730.0,468400.0,198000000.0,477200.0,141000.0,14630.0,351200.0,59460000.0,17700000000.0,0.0,17530000000.0,2832000000.0,70000000.0
Turkmenistan,3201000000.0,0.0,4001000.0,21180000000.0,15090000000.0,100.0,0.0,0.0,0.0,0.0,67790.0,0.0,600000000.0,191100.0,160000.0,0.0,53780.0,77450000000.0,39310000000.0,38140000000.0,0.0,7504000000000.0,67000000.0
Croatia,3200000000.0,8731000000.0,4881000.0,12820000000.0,18650000000.0,45.0,0.0,40.0,16.0,14000.0,0.0,55400.0,69360000.0,74620.0,73000.0,35530.0,40530.0,1048000000.0,2577000000.0,172700000.0,1841000000.0,16170000000.0,15690000.0
Finland,3159000000.0,22110000000.0,16400000.0,66200000000.0,85150000000.0,41.0,17.0,20.0,23.0,0.0,0.0,236700.0,0.0,310600.0,217100.0,122200.0,166200.0,0.0,2350000000.0,4000000.0,2322000000.0,,43000000.0
Thailand,2267000000.0,14410000000.0,40970000.0,167900000000.0,168300000000.0,76.0,0.0,8.0,16.0,239700.0,790.0,875400.0,396400000.0,1328000.0,1326000.0,134200.0,278300.0,38590000000.0,52640000000.0,0.0,14410000000.0,206800000000.0,301000000.0
United Kingdom,2153000000.0,19700000000.0,94640000.0,309800000000.0,301600000000.0,50.0,9.0,2.0,39.0,910500.0,710600.0,907100.0,2564000000.0,1290000.0,1584000.0,907500.0,613800.0,42110000000.0,79170000000.0,11270000000.0,47000000000.0,207200000000.0,568300000.0
Albania,1869000000.0,1827000000.0,1897000.0,7135000000.0,7094000000.0,5.0,0.0,95.0,0.0,16000.0,17290.0,0.0,168300000.0,5638.0,29000.0,26660.0,3250.0,50970000.0,50970000.0,0.0,0.0,821200000.0,4300000.0
Guatemala,1858000000.0,891400000.0,4072000.0,11490000000.0,10020000000.0,41.0,0.0,31.0,28.0,9666.0,9383.0,0.0,83070000.0,1162.0,89000.0,97900.0,10810.0,0.0,0.0,0.0,0.0,2960000000.0,13600000.0
Ireland,1583000000.0,871000000.0,9557000.0,25200000000.0,23790000000.0,65.0,0.0,2.0,33.0,0.0,5900.0,66210.0,0.0,64970.0,153700.0,126600.0,37040.0,3511000000.0,5238000000.0,0.0,1642000000.0,9911000000.0,34000000.0
Turkey,1442000000.0,6400000000.0,73150000.0,245800000000.0,213200000000.0,53.0,0.0,33.0,14.0,245000.0,0.0,521500.0,388500000.0,657900.0,989900.0,560000.0,141600.0,368100000.0,53600000000.0,622900000.0,55130000000.0,18490000000.0,319000000.0
Armenia,1424000000.0,174000000.0,4068000.0,7393000000.0,5331000000.0,58.0,9.0,32.0,0.0,0.0,0.0,0.0,0.0,0.0,8000.0,7145.0,0.0,0.0,2350000000.0,0.0,2350000000.0,0.0,12000000.0
Luxembourg,1420000000.0,7718000000.0,2023000.0,735000000.0,6178000000.0,25.0,0.0,8.0,67.0,0.0,0.0,0.0,0.0,0.0,59850.0,59020.0,0.0,0.0,792800000.0,0.0,792800000.0,0.0,11000000.0
Uruguay,1321000000.0,2000000.0,4408000.0,12230000000.0,9420000000.0,29.0,0.0,29.0,42.0,0.0,0.0,40200.0,0.0,42220.0,53000.0,9591.0,0.0,0.0,70790000.0,0.0,70790000.0,0.0,7400000.0
Zimbabwe,1239000000.0,1139000000.0,2129000.0,9384000000.0,7630000000.0,58.0,0.0,37.0,5.0,0.0,0.0,0.0,0.0,0.0,27000.0,26400.0,0.0,0.0,0.0,0.0,0.0,0.0,11000000.0
Hong Kong,1205000000.0,11620000000.0,12650000.0,38150000000.0,44030000000.0,100.0,0.0,0.0,0.0,0.0,0.0,0.0,0.0,0.0,403100.0,402100.0,13570.0,0.0,3370000000.0,0.0,3370000000.0,0.0,37430000.0
Zambia,1176000000.0,785000000.0,2370000.0,13280000000.0,11620000000.0,5.0,0.0,93.0,2.0,0.0,0.0,12860.0,0.0,13120.0,23000.0,10150.0,371.0,0.0,0.0,0.0,0.0,0.0,3500000.0
Egypt,1158000000.0,43000000.0,38880000.0,171900000000.0,150400000000.0,91.0,0.0,6.0,2.0,589400.0,246500.0,64760.0,4400000000.0,547500.0,878000.0,280200.0,47360.0,50860000000.0,57710000000.0,212400000.0,7079000000.0,2186000000000.0,207000000.0
Greece,1037000000.0,9833000000.0,18940000.0,48340000000.0,53050000000.0,57.0,0.0,14.0,29.0,2753.0,3229.0,484300.0,10000000.0,655400.0,304100.0,192200.0,371900.0,8000000.0,4927000000.0,0.0,4984000000.0,991100000.0,78000000.0
Montenegro,914000000.0,1220000000.0,192000.0,3024000000.0,3338000000.0,23.0,0.0,69.0,8.0,0.0,0.0,0.0,0.0,0.0,6000.0,6448.0,357.0,0.0,0.0,0.0,0.0,0.0,18000000.0
Kosovo,885700000.0,742000000.0,1565000.0,5926000000.0,4108000000.0,97.0,0.0,3.0,1.0,0.0,0.0,0.0,,0.0,14000.0,14040.0,192.0,0.0,0.0,0.0,0.0,,7576000.0
Cote d'Ivoire,872000000.0,23000000.0,1900000.0,8262000000.0,5669000000.0,60.0,0.0,40.0,0.0,54000.0,26700.0,62350.0,100000000.0,69360.0,51000.0,7405.0,31450.0,2322000000.0,2322000000.0,0.0,0.0,28320000000.0,8995000.0
Lithuania,730000000.0,7938000000.0,3641000.0,3433000000.0,9848000000.0,73.0,0.0,4.0,23.0,2000.0,1002.0,182900.0,12000000.0,196500.0,58000.0,42490.0,174800.0,0.0,2492000000.0,0.0,2492000000.0,0.0,10900000.0
Vietnam,713000000.0,2361000000.0,45410000.0,198400000000.0,182900000000.0,56.0,0.0,43.0,1.0,271400.0,324600.0,0.0,4400000000.0,153800.0,438000.0,282800.0,25620.0,8098000000.0,8098000000.0,0.0,0.0,699400000000.0,76590000.0
Costa Rica,643000000.0,537000000.0,3127000.0,10380000000.0,9113000000.0,18.0,0.0,64.0,18.0,0.0,0.0,0.0,0.0,0.0,53000.0,51320.0,0.0,0.0,0.0,0.0,0.0,0.0,7616000.0
Algeria,641000000.0,610000000.0,17120000.0,64670000000.0,53440000000.0,96.0,0.0,1.0,2.0,1306000.0,756400.0,5340.0,12200000000.0,627900.0,405000.0,82930.0,578800.0,93500000000.0,41280000000.0,53880000000.0,0.0,4504000000000.0,128000000.0
Georgia,560000000.0,478900000.0,4280000.0,11570000000.0,12440000000.0,35.0,0.0,65.0,0.0,400.0,3006.0,2660.0,35000000.0,247.0,27000.0,28490.0,2052.0,7363000.0,2294000000.0,0.0,2294000000.0,8495000000.0,7000000.0
Honduras,536000000.0,679000000.0,2499000.0,8367000000.0,7215000000.0,40.0,0.0,25.0,34.0,0.0,0.0,0.0,0.0,0.0,59000.0,56120.0,12870.0,0.0,0.0,0.0,0.0,0.0,10000000.0
Tunisia,500000000.0,403000000.0,5028000.0,18390000000.0,15120000000.0,94.0,0.0,1.0,5.0,49170.0,39980.0,17580.0,425000000.0,27770.0,102000.0,85340.0,13660.0,1274000000.0,5125000000.0,0.0,3851000000.0,65130000000.0,21000000.0
Colombia,460000000.0,45000000.0,16910000.0,71920000000.0,60110000000.0,29.0,0.0,69.0,2.0,853600.0,726700.0,0.0,1665000000.0,303600.0,333000.0,57170.0,56900.0,10020000000.0,10080000000.0,0.0,48140000.0,113900000000.0,73000000.0
Congo Democratic Republic of the,422000000.0,20000000.0,2624000.0,8852000000.0,7190000000.0,2.0,0.0,98.0,0.0,19160.0,20000.0,0.0,180000000.0,0.0,21000.0,21140.0,0.0,0.0,0.0,0.0,0.0,991100000.0,1400000.0
Azerbaijan,265000000.0,108000000.0,7417000.0,23300000000.0,20270000000.0,84.0,0.0,14.0,2.0,789300.0,718800.0,0.0,7000000000.0,138900.0,100000.0,5576.0,46480.0,16960000000.0,10340000000.0,8042000000.0,2095000000.0,991100000000.0,35000000.0
Syria,262000000.0,0.0,9610000.0,16830000000.0,13960000000.0,83.0,0.0,17.0,0.0,14000.0,0.0,87660.0,2500000000.0,111600.0,134000.0,38080.0,12520.0,3738000000.0,3738000000.0,0.0,0.0,240700000000.0,49000000.0
Brazil,219000000.0,34640000000.0,150300000.0,578900000000.0,460800000000.0,17.0,1.0,64.0,18.0,2622000.0,736600.0,297700.0,12700000000.0,2811000.0,2956000.0,490400.0,279000.0,23960000000.0,34350000000.0,134500000.0,10510000000.0,377400000000.0,529800000.0
Bahrain,213000000.0,205000000.0,3928000.0,17070000000.0,26090000000.0,100.0,0.0,0.0,0.0,45000.0,0.0,226200.0,124600000.0,274500.0,61000.0,14530.0,245300.0,15890000000.0,15890000000.0,0.0,0.0,92030000000.0,37000000.0
Ecuador,211000000.0,18500000.0,7435000.0,27720000000.0,27530000000.0,43.0,0.0,54.0,2.0,531300.0,383500.0,0.0,8273000000.0,137400.0,265000.0,153900.0,25870.0,477800000.0,453100000.0,0.0,0.0,10900000000.0,38000000.0
Ghana,187000000.0,511000000.0,3795000.0,13020000000.0,11420000000.0,58.0,0.0,42.0,1.0,151000.0,104000.0,6220.0,660000000.0,2073.0,90000.0,85110.0,2654.0,914400000.0,1232000000.0,0.0,317400000.0,22650000000.0,11000000.0
Kyrgyzstan,184000000.0,729000000.0,3890000.0,12800000000.0,10680000000.0,24.0,0.0,76.0,0.0,1000.0,0.0,4480.0,40000000.0,6996.0,37000.0,34280.0,2290.0,28320000.0,186900000.0,0.0,169900000.0,5663000000.0,9400000.0
Ethiopia,166000000.0,0.0,2704000.0,10080000000.0,8143000000.0,3.0,0.0,86.0,11.0,0.0,0.0,0.0,428000.0,0.0,74000.0,69970.0,0.0,0.0,0.0,0.0,0.0,24920000000.0,9300000.0
Morocco,165000000.0,5140000000.0,8040000.0,27370000000.0,26830000000.0,68.0,0.0,16.0,15.0,160.0,0.0,61160.0,684000.0,66230.0,278000.0,229300.0,9504.0,87780000.0,1218000000.0,0.0,1133000000.0,1444000000.0,39000000.0
Panama,139000000.0,17000000.0,3203000.0,9724000000.0,8202000000.0,36.0,0.0,51.0,13.0,0.0,0.0,0.0,0.0,0.0,146000.0,129200.0,66.0,0.0,0.0,0.0,0.0,0.0,17000000.0
Uganda,121000000.0,48000000.0,922000.0,3235000000.0,2936000000.0,19.0,0.0,68.0,12.0,0.0,0.0,0.0,2500000000.0,0.0,32000.0,31490.0,0.0,0.0,0.0,0.0,0.0,14160000000.0,2700000.0
El Salvador,89600000.0,1675000000.0,1826000.0,4879000000.0,6344000000.0,49.0,0.0,23.0,29.0,0.0,0.0,0.0,0.0,0.0,52000.0,49280.0,347.0,0.0,0.0,0.0,0.0,0.0,4318000.0
Namibia,88000000.0,2623000000.0,514200.0,1519000000.0,3771000000.0,28.0,0.0,64.0,8.0,0.0,0.0,0.0,0.0,0.0,27000.0,26270.0,80.0,0.0,0.0,0.0,0.0,62290000000.0,4000000.0
Macedonia,58500000.0,2191000000.0,2057000.0,5303000000.0,6455000000.0,60.0,0.0,37.0,3.0,0.0,142.0,0.0,0.0,0.0,21000.0,23560.0,3065.0,0.0,198200000.0,0.0,198200000.0,0.0,7500000.0
Argentina,55000000.0,9018000000.0,36510000.0,136400000000.0,122500000000.0,69.0,4.0,24.0,3.0,479400.0,36630.0,16740.0,2185000000.0,669800.0,806000.0,121400.0,58360.0,40920000000.0,49040000000.0,76450000.0,9826000000.0,316400000000.0,43200000.0
Peru,55000000.0,0.0,12260000.0,46310000000.0,40930000000.0,61.0,0.0,35.0,4.0,43520.0,7995.0,86060.0,473000000.0,166600.0,250000.0,65400.0,62640.0,12990000000.0,7483000000.0,5505000000.0,0.0,399000000000.0,41000000.0
Mongolia,51000000.0,1446000000.0,1106000.0,5458000000.0,7103000000.0,87.0,0.0,2.0,11.0,20000.0,14360.0,0.0,0.0,0.0,27000.0,24190.0,0.0,0.0,0.0,0.0,0.0,0.0,14000000.0
Jordan,50000000.0,604000000.0,4382000.0,17760000000.0,16130000000.0,87.0,0.0,0.0,12.0,22.0,0.0,67980.0,1000000.0,67240.0,139000.0,68460.0,0.0,121800000.0,5238000000.0,1359000000.0,6456000000.0,6031000000.0,19000000.0
Kenya,39100000.0,86300000.0,2253000.0,10060000000.0,9515000000.0,33.0,0.0,34.0,33.0,0.0,0.0,12550.0,750000000.0,13960.0,109000.0,90620.0,173.0,0.0,0.0,0.0,0.0,0.0,13000000.0
Congo Republic of the,22000000.0,18000000.0,545000.0,1676000000.0,900500000.0,64.0,0.0,36.0,0.0,244200.0,254100.0,0.0,1600000000.0,15760.0,17000.0,7162.0,5766.0,1387000000.0,1387000000.0,0.0,0.0,90610000000.0,6500000.0
Nicaragua,17870000.0,109000000.0,1395000.0,3218000000.0,3177000000.0,56.0,0.0,9.0,35.0,0.0,0.0,16180.0,0.0,14720.0,37000.0,20120.0,460.0,0.0,0.0,0.0,0.0,0.0,5200000.0
Rwanda,4000000.0,90000000.0,152000.0,600000000.0,644000000.0,42.0,0.0,51.0,7.0,0.0,0.0,0.0,0.0,0.0,6700.0,6628.0,0.0,0.0,0.0,0.0,0.0,56630000000.0,800000.0
Malaysia,3000000.0,13000000.0,33340000.0,141900000000.0,133000000000.0,78.0,0.0,18.0,4.0,647900.0,326200.0,166000.0,3600000000.0,528300.0,704000.0,304600.0,208400.0,69490000000.0,30440000000.0,38230000000.0,2803000000.0,1183000000000.0,208000000.0
Nepal,2690000.0,2175000000.0,972500.0,4083000000.0,4777000000.0,5.0,0.0,92.0,3.0,0.0,0.0,0.0,0.0,0.0,27000.0,26120.0,0.0,0.0,0.0,0.0,0.0,0.0,4926000.0
Andorra,6000.0,471300000.0,520000.0,99480000.0,221600000.0,61.0,0.0,23.0,15.0,0.0,0.0,0.0,0.0,0.0,,,,0.0,0.0,0.0,0.0,0.0,
Afghanistan,0.0,4400000000.0,599100.0,1076000000.0,2866000000.0,45.0,0.0,52.0,4.0,0.0,0.0,0.0,0.0,0.0,35000.0,34210.0,0.0,164200000.0,164200000.0,0.0,0.0,49550000000.0,7400000.0
American Samoa,0.0,0.0,41000.0,161000000.0,154000000.0,98.0,0.0,0.0,2.0,0.0,0.0,0.0,0.0,0.0,2375.0,2346.0,0.0,0.0,0.0,0.0,0.0,0.0,600000.0
Angola,0.0,0.0,1704000.0,9438000000.0,8338000000.0,34.0,0.0,64.0,2.0,1666000.0,1782000.0,0.0,8273000000.0,53480.0,130000.0,111600.0,30340.0,3115000000.0,821200000.0,3993000000.0,0.0,308100000000.0,33000000.0
Antigua and Barbuda,0.0,0.0,87000.0,330000000.0,306900000.0,97.0,0.0,0.0,3.0,0.0,0.0,0.0,0.0,0.0,5000.0,5065.0,91.0,0.0,0.0,0.0,0.0,0.0,600000.0
Aruba,0.0,0.0,296000.0,959000000.0,891900000.0,87.0,0.0,0.0,13.0,0.0,0.0,0.0,0.0,0.0,8000.0,7891.0,0.0,1.0,1.0,1.0,1.0,0.0,900000.0
Australia,0.0,0.0,67030000.0,237900000000.0,223600000000.0,72.0,0.0,11.0,17.0,263000.0,192500.0,341700.0,1821000000.0,462500.0,1175000.0,619600.0,64120.0,105200000000.0,45250000000.0,67960000000.0,5776000000.0,1989000000000.0,537000000.0
Bahamas The,0.0,0.0,577000.0,1807000000.0,1681000000.0,100.0,0.0,0.0,0.0,0.0,0.0,0.0,0.0,0.0,20040.0,19150.0,0.0,0.0,48020.0,0.0,48020.0,0.0,4100000.0
Bangladesh,0.0,0.0,11840000.0,55500000000.0,48980000000.0,97.0,0.0,2.0,2.0,3666.0,0.0,21860.0,20000000.0,26280.0,106000.0,81570.0,901.0,29530000000.0,29530000000.0,0.0,0.0,196100000000.0,78500000.0
Barbados,0.0,0.0,266700.0,991600000.0,944000000.0,93.0,0.0,0.0,7.0,1000.0,674.0,0.0,2082000.0,0.0,11000.0,10630.0,0.0,14160000.0,19820000.0,0.0,5653000.0,113300000.0,1300000.0
Belize,0.0,230000000.0,191000.0,248000000.0,413000000.0,51.0,0.0,27.0,22.0,2000.0,1220.0,0.0,6700000.0,36.0,4000.0,4161.0,0.0,0.0,0.0,0.0,0.0,0.0,700000.0
Benin,0.0,1078000000.0,213000.0,311600000.0,1121000000.0,88.0,0.0,9.0,2.0,0.0,0.0,0.0,8000000.0,0.0,38000.0,38040.0,1514.0,0.0,0.0,0.0,0.0,1133000000.0,5000000.0
Bermuda,0.0,0.0,171000.0,662000000.0,615700000.0,100.0,0.0,0.0,0.0,0.0,0.0,0.0,0.0,0.0,5000.0,3939.0,0.0,0.0,0.0,0.0,0.0,0.0,600000.0
Bolivia,0.0,0.0,1985000.0,8981000000.0,8981000000.0,76.0,0.0,18.0,7.0,59330.0,1274.0,0.0,211500000.0,65960.0,83000.0,20620.0,9686.0,18690000000.0,3171000000.0,15460000000.0,0.0,295900000000.0,16000000.0
Botswana,0.0,1468000000.0,134000.0,2789000000.0,3722000000.0,100.0,0.0,0.0,0.0,0.0,0.0,0.0,0.0,0.0,21000.0,21090.0,0.0,0.0,0.0,0.0,0.0,0.0,4400000.0
British Virgin Islands,0.0,0.0,48000.0,126000000.0,631500000.0,97.0,0.0,0.0,3.0,0.0,0.0,0.0,0.0,0.0,20000.0,1227.0,0.0,0.0,0.0,0.0,0.0,0.0,179700.0
Brunei,0.0,0.0,841000.0,3948000000.0,3679000000.0,100.0,0.0,0.0,0.0,100600.0,127400.0,160.0,1100000000.0,10310.0,18000.0,6948.0,0.0,12740000000.0,3936000000.0,8268000000.0,0.0,311500000000.0,8400000.0
Burkina Faso,0.0,443000000.0,306000.0,944000000.0,1321000000.0,80.0,0.0,9.0,12.0,0.0,0.0,0.0,0.0,0.0,23000.0,23580.0,0.0,0.0,0.0,0.0,0.0,0.0,1400000.0
Burma,0.0,0.0,4783000.0,15480000000.0,12910000000.0,39.0,0.0,61.0,1.0,12000.0,1824.0,0.0,139000000.0,13330.0,123000.0,102600.0,0.0,18410000000.0,4502000000.0,14070000000.0,0.0,637100000000.0,15000000.0
Burundi,0.0,90000000.0,68000.0,230000000.0,303900000.0,14.0,0.0,73.0,14.0,0.0,0.0,0.0,0.0,0.0,1500.0,1374.0,0.0,0.0,0.0,0.0,0.0,0.0,300000.0
Cabo Verde,0.0,0.0,157500.0,469000000.0,436200000.0,79.0,0.0,0.0,21.0,0.0,0.0,0.0,0.0,0.0,5600.0,5607.0,0.0,0.0,0.0,0.0,0.0,0.0,400000.0
Cambodia,0.0,1526000000.0,1542000.0,4236000000.0,4952000000.0,35.0,0.0,63.0,2.0,0.0,0.0,0.0,0.0,0.0,45000.0,43030.0,0.0,0.0,0.0,0.0,0.0,0.0,6500000.0
Cameroon,0.0,1414000000.0,1545000.0,6610000000.0,5702000000.0,52.0,0.0,47.0,1.0,75720.0,96370.0,36480.0,200000000.0,39080.0,45000.0,14090.0,8545.0,910400000.0,906100000.0,0.0,0.0,135100000000.0,6500000.0
Cayman Islands,0.0,0.0,132000.0,624000000.0,587000000.0,100.0,0.0,0.0,0.0,0.0,0.0,0.0,0.0,0.0,4400.0,4285.0,0.0,0.0,0.0,0.0,0.0,0.0,500000.0
Central African Republic,0.0,0.0,44000.0,174000000.0,161800000.0,50.0,0.0,50.0,1.0,0.0,0.0,0.0,0.0,0.0,2800.0,2799.0,0.0,0.0,0.0,0.0,0.0,0.0,400000.0
Chad,0.0,0.0,47000.0,215000000.0,200000000.0,98.0,0.0,0.0,3.0,128000.0,70440.0,0.0,1500000000.0,0.0,2300.0,2285.0,0.0,0.0,0.0,0.0,0.0,0.0,300000.0
Chile,0.0,0.0,21640000.0,71660000000.0,67950000000.0,59.0,0.0,26.0,15.0,3244.0,0.0,169600.0,150000000.0,216200.0,354500.0,166400.0,7359.0,1218000000.0,5125000000.0,277500000.0,4446000000.0,97970000000.0,76000000.0
Comoros,0.0,0.0,26000.0,54000000.0,50220000.0,96.0,0.0,4.0,0.0,0.0,0.0,0.0,0.0,0.0,1300.0,1241.0,0.0,0.0,0.0,0.0,0.0,0.0,200000.0
Cook Islands,0.0,0.0,10000.0,32000000.0,29760000.0,79.0,0.0,0.0,21.0,0.0,0.0,0.0,0.0,0.0,600.0,611.0,0.0,0.0,0.0,0.0,0.0,0.0,200000.0
Cuba,0.0,0.0,6454000.0,20460000000.0,17340000000.0,91.0,0.0,1.0,8.0,50000.0,0.0,112400.0,124000000.0,104100.0,175000.0,52750.0,24190.0,1189000000.0,1189000000.0,0.0,0.0,70790000000.0,26000000.0
Curacao,0.0,0.0,,,968000000.0,,,,,0.0,0.0,191300.0,0.0,189800.0,70000.0,45800.0,167500.0,0.0,0.0,0.0,0.0,0.0,
Cyprus,0.0,0.0,1742000.0,4243000000.0,4028000000.0,85.0,0.0,0.0,15.0,0.0,0.0,0.0,0.0,0.0,49000.0,49240.0,500.0,0.0,0.0,0.0,0.0,141600000000.0,9100000.0
Djibouti,0.0,0.0,130000.0,405000000.0,376700000.0,100.0,0.0,0.0,0.0,0.0,0.0,0.0,0.0,0.0,6360.0,6692.0,403.0,0.0,0.0,0.0,0.0,0.0,1800000.0
Dominica,0.0,0.0,33200.0,94000000.0,87420000.0,72.0,0.0,25.0,3.0,0.0,0.0,0.0,0.0,0.0,1300.0,1237.0,0.0,0.0,0.0,0.0,0.0,0.0,100000.0
Dominican Republic,0.0,0.0,3732000.0,15530000000.0,13250000000.0,77.0,0.0,16.0,7.0,0.0,0.0,16980.0,0.0,16060.0,134000.0,108500.0,0.0,0.0,1161000000.0,0.0,1161000000.0,0.0,22000000.0
Equatorial Guinea,0.0,0.0,334000.0,425000000.0,395300000.0,61.0,0.0,38.0,2.0,188300.0,308700.0,0.0,1100000000.0,0.0,5200.0,5094.0,0.0,6069000000.0,1189000000.0,4878000000.0,0.0,36810000000.0,3700000.0
Eritrea,0.0,0.0,141000.0,383800000.0,329800000.0,99.0,0.0,0.0,1.0,0.0,0.0,0.0,0.0,0.0,4000.0,3897.0,0.0,0.0,0.0,0.0,0.0,0.0,800000.0
Eswatini,0.0,1080000000.0,281000.0,431000000.0,1481000000.0,39.0,0.0,20.0,41.0,0.0,0.0,0.0,0.0,0.0,5300.0,5279.0,0.0,0.0,0.0,0.0,0.0,0.0,600000.0
Falkland Islands (Islas Malvinas),0.0,0.0,10000.0,17000000.0,15810000.0,74.0,0.0,0.0,26.0,0.0,0.0,0.0,0.0,0.0,290.0,286.0,0.0,0.0,0.0,0.0,0.0,0.0,45570.0
Faroe Islands,0.0,0.0,128000.0,317400000.0,291400000.0,54.0,0.0,31.0,16.0,0.0,0.0,0.0,0.0,0.0,4600.0,4555.0,0.0,0.0,0.0,0.0,0.0,0.0,800000.0
Fiji,0.0,0.0,333000.0,890000000.0,827700000.0,34.0,0.0,38.0,27.0,0.0,0.0,0.0,0.0,0.0,16000.0,17460.0,0.0,0.0,0.0,0.0,0.0,0.0,1890000.0
French Polynesia,0.0,0.0,249000.0,626000000.0,582200000.0,70.0,0.0,19.0,11.0,0.0,0.0,0.0,0.0,0.0,6600.0,6785.0,0.0,0.0,0.0,0.0,0.0,0.0,1100000.0
Gabon,0.0,337000000.0,670000.0,2045000000.0,1907000000.0,51.0,0.0,49.0,0.0,198800.0,214200.0,0.0,2000000000.0,16580.0,24000.0,10680.0,4662.0,401000000.0,401000000.0,0.0,0.0,28320000000.0,6000000.0
Gambia The,0.0,0.0,114000.0,240000000.0,223200000.0,97.0,0.0,0.0,3.0,0.0,0.0,0.0,0.0,0.0,3800.0,3738.0,42.0,0.0,0.0,0.0,0.0,0.0,500000.0
Gaza Strip,0.0,193000.0,,51000.0,202000.0,,,,,,,,0.0,,,,,,,,,,
Gibraltar,0.0,0.0,43000.0,194600000.0,188600000.0,100.0,0.0,0.0,0.0,0.0,0.0,0.0,0.0,0.0,78000.0,74200.0,0.0,0.0,0.0,0.0,0.0,0.0,3600000.0
Greenland,0.0,0.0,187000.0,426900000.0,317500000.0,51.0,0.0,49.0,0.0,0.0,0.0,0.0,0.0,0.0,4000.0,3973.0,0.0,0.0,0.0,0.0,0.0,0.0,520400.0
Grenada,0.0,0.0,50000.0,200000000.0,185000000.0,96.0,0.0,0.0,4.0,0.0,0.0,0.0,0.0,0.0,2000.0,1886.0,0.0,0.0,0.0,0.0,0.0,0.0,500000.0
Guam,0.0,0.0,552000.0,1623000000.0,1574000000.0,94.0,0.0,0.0,6.0,0.0,0.0,0.0,0.0,0.0,14000.0,13500.0,0.0,0.0,0.0,0.0,0.0,0.0,1800000.0
Guinea,0.0,0.0,740000.0,1000000000.0,930000000.0,33.0,0.0,67.0,0.0,0.0,0.0,0.0,0.0,0.0,19000.0,18460.0,0.0,0.0,0.0,0.0,0.0,0.0,1400000.0
Guinea-Bissau,0.0,0.0,28000.0,34000000.0,31620000.0,99.0,0.0,0.0,1.0,0.0,0.0,0.0,0.0,0.0,2700.0,2625.0,0.0,0.0,0.0,0.0,0.0,0.0,500000.0
Guyana,0.0,0.0,438000.0,1000000000.0,800000000.0,89.0,0.0,0.0,11.0,0.0,0.0,0.0,2500000000.0,0.0,14000.0,13720.0,0.0,0.0,0.0,0.0,0.0,0.0,1700000.0
Haiti,0.0,0.0,313000.0,979700000.0,371700000.0,82.0,0.0,18.0,0.0,0.0,0.0,0.0,0.0,0.0,21000.0,20030.0,0.0,0.0,0.0,0.0,0.0,0.0,2100000.0
Iceland,0.0,0.0,2772000.0,18560000000.0,17980000000.0,4.0,0.0,71.0,25.0,0.0,0.0,0.0,0.0,0.0,20850.0,20220.0,2530.0,0.0,0.0,0.0,0.0,0.0,3300000.0
Indonesia,0.0,692700000.0,54580000.0,231100000000.0,223500000000.0,85.0,0.0,9.0,6.0,801700.0,302300.0,498500.0,3300000000.0,950000.0,1601000.0,591500.0,79930.0,72090000000.0,42320000000.0,29780000000.0,0.0,2866000000000.0,261900000.0
Iraq,0.0,12000000000.0,28000000.0,84000000000.0,66000000000.0,91.0,0.0,9.0,0.0,4454000.0,3092000.0,0.0,142500000000.0,398000.0,826000.0,255100.0,8284.0,1274000000.0,2633000000.0,0.0,1359000000.0,3158000000000.0,137000000.0
Jamaica,0.0,0.0,902800.0,4349000000.0,3173000000.0,83.0,0.0,3.0,15.0,0.0,0.0,24360.0,0.0,24250.0,55000.0,30580.0,823.0,0.0,198200000.0,0.0,198200000.0,0.0,13000000.0
Japan,0.0,0.0,322200000.0,976300000000.0,933600000000.0,71.0,1.0,8.0,20.0,3841.0,0.0,3208000.0,44120000.0,3467000.0,3894000.0,1100000.0,370900.0,3058000000.0,127200000000.0,169900000.0,116600000000.0,20900000000.0,1257000000.0
Kiribati,0.0,0.0,8000.0,24000000.0,22320000.0,73.0,0.0,0.0,27.0,0.0,0.0,0.0,0.0,0.0,400.0,420.0,0.0,0.0,0.0,0.0,0.0,0.0,58450.0
Korea North,0.0,0.0,10000000.0,13410000000.0,11240000000.0,45.0,0.0,55.0,0.0,0.0,0.0,10640.0,0.0,11270.0,18000.0,8260.0,0.0,0.0,0.0,0.0,0.0,0.0,50000000.0
Korea South,0.0,0.0,103000000.0,528100000000.0,497000000000.0,70.0,21.0,2.0,8.0,0.0,0.0,3057000.0,,3302000.0,2584000.0,908800.0,1396000.0,339800000.0,45280000000.0,0.0,48650000000.0,7079000000.0,601000000.0
Kuwait,0.0,0.0,16000000.0,63840000000.0,54110000000.0,100.0,0.0,0.0,0.0,2753000.0,479700.0,0.0,101500000000.0,915800.0,446000.0,0.0,705500.0,17100000000.0,21720000000.0,0.0,5125000000.0,1798000000000.0,107000000.0
Lebanon,0.0,268000000.0,2337000.0,17320000000.0,15660000000.0,88.0,0.0,11.0,1.0,0.0,0.0,0.0,0.0,0.0,154000.0,151100.0,0.0,0.0,0.0,0.0,0.0,0.0,16000000.0
Lesotho,0.0,205000000.0,80000.0,600000000.0,763000000.0,0.0,0.0,100.0,1.0,0.0,0.0,0.0,0.0,0.0,5000.0,5118.0,0.0,0.0,0.0,0.0,0.0,0.0,300000.0
Liberia,0.0,0.0,125000.0,70070000.0,39000000.0,57.0,0.0,43.0,0.0,0.0,0.0,0.0,0.0,0.0,8000.0,8181.0,0.0,0.0,0.0,0.0,0.0,0.0,600000.0
Libya,0.0,88000000.0,9460000.0,35450000000.0,8131000000.0,100.0,0.0,0.0,0.0,897100.0,337800.0,0.0,48360000000.0,89620.0,260000.0,168200.0,16880.0,9089000000.0,4446000000.0,4644000000.0,0.0,1505000000000.0,57000000.0
Liechtenstein,0.0,325200000.0,,68430000.0,393600000.0,,,,,,,,,,,,,,,,,,
Macau,0.0,4306000000.0,472000.0,904000000.0,4834000000.0,100.0,0.0,0.0,0.0,0.0,0.0,0.0,0.0,0.0,12700.0,14180.0,0.0,0.0,178200000.0,0.0,175500000.0,0.0,1800000.0
Madagascar,0.0,0.0,668200.0,1651000000.0,1108000000.0,74.0,0.0,24.0,2.0,0.0,0.0,0.0,0.0,0.0,18000.0,18880.0,0.0,0.0,0.0,0.0,0.0,2010000000.0,3000000.0
Malawi,0.0,0.0,372600.0,2120000000.0,1972000000.0,1.0,0.0,93.0,6.0,0.0,0.0,0.0,0.0,0.0,6000.0,4769.0,0.0,0.0,0.0,0.0,0.0,0.0,1276000.0
Maldives,0.0,0.0,104000.0,350000000.0,325500000.0,96.0,0.0,0.0,4.0,0.0,0.0,0.0,0.0,0.0,11000.0,10840.0,0.0,0.0,0.0,0.0,0.0,0.0,1726000.0
Mali,0.0,0.0,590000.0,2175000000.0,2023000000.0,68.0,0.0,31.0,1.0,0.0,0.0,0.0,0.0,0.0,22000.0,20610.0,0.0,0.0,0.0,0.0,0.0,0.0,800000.0
Malta,0.0,1054000000.0,670000.0,1228000000.0,2103000000.0,81.0,0.0,0.0,19.0,0.0,0.0,0.0,0.0,0.0,45000.0,52290.0,10400.0,0.0,283200000.0,0.0,311500000.0,0.0,887700.0
Marshall Islands,0.0,0.0,52000.0,620000000.0,576600000.0,81.0,0.0,19.0,0.0,0.0,0.0,0.0,0.0,0.0,2000.0,2060.0,0.0,0.0,0.0,0.0,0.0,,300000.0
Mauritania,0.0,0.0,412000.0,1191000000.0,1108000000.0,65.0,0.0,16.0,20.0,4000.0,5333.0,0.0,20000000.0,0.0,17000.0,17290.0,0.0,0.0,0.0,0.0,0.0,28320000000.0,2400000.0
Mauritius,0.0,0.0,1056000.0,2857000000.0,2680000000.0,79.0,0.0,7.0,14.0,0.0,0.0,0.0,0.0,0.0,27000.0,26960.0,0.0,0.0,0.0,0.0,0.0,0.0,5400000.0
Micronesia Federated States of,0.0,0.0,18000.0,192000000.0,178600000.0,96.0,0.0,1.0,3.0,0.0,0.0,0.0,0.0,0.0,,,0.0,0.0,,,,0.0,105.0
Moldova,0.0,4000000.0,3001000.0,5741000000.0,3669000000.0,86.0,0.0,12.0,2.0,0.0,0.0,20.0,0.0,232.0,18000.0,18160.0,275.0,11330000.0,2520000000.0,0.0,2520000000.0,0.0,4976000.0
Montserrat,0.0,0.0,5000.0,24000000.0,22320000.0,100.0,0.0,0.0,0.0,0.0,0.0,0.0,0.0,0.0,400.0,406.0,0.0,0.0,0.0,0.0,0.0,0.0,88010.0
Nauru,0.0,0.0,5000.0,25000000.0,23250000.0,86.0,0.0,0.0,14.0,0.0,0.0,0.0,0.0,0.0,470.0,449.0,0.0,0.0,0.0,0.0,0.0,0.0,200000.0
New Caledonia,0.0,0.0,557200.0,2807000000.0,2611000000.0,87.0,0.0,8.0,6.0,0.0,0.0,0.0,0.0,0.0,20000.0,19100.0,0.0,0.0,0.0,0.0,0.0,0.0,2500000.0
New Zealand,0.0,0.0,9281000.0,43050000000.0,38750000000.0,23.0,0.0,58.0,20.0,31480.0,26440.0,108900.0,56900000.0,115100.0,169100.0,56000.0,1782.0,5097000000.0,5182000000.0,0.0,0.0,35880000000.0,34660000.0
Niger,0.0,779100000.0,179000.0,458200000.0,1072000000.0,95.0,0.0,0.0,5.0,11000.0,0.0,0.0,150000000.0,15280.0,14000.0,3799.0,5422.0,0.0,0.0,0.0,0.0,0.0,900000.0
Nigeria,0.0,0.0,10480000.0,29830000000.0,24570000000.0,80.0,0.0,19.0,0.0,1946000.0,2096000.0,0.0,37060000000.0,35010.0,325000.0,223400.0,2332.0,44480000000.0,17240000000.0,27210000000.0,0.0,5284000000000.0,97000000.0
Niue,0.0,0.0,1000.0,3000000.0,2790000.0,87.0,0.0,0.0,13.0,0.0,0.0,0.0,0.0,0.0,50.0,54.0,0.0,0.0,0.0,0.0,0.0,0.0,3520.0
Northern Mariana Islands,0.0,0.0,,60600.0,48300.0,,,,,,,,,,,,,,,,,,
Oman,0.0,0.0,7869000.0,30790000000.0,27620000000.0,100.0,0.0,0.0,0.0,970400.0,844100.0,0.0,5373000000.0,229600.0,188000.0,6041.0,33700.0,31230000000.0,21940000000.0,11160000000.0,1982000000.0,651300000000.0,69000000.0
Pakistan,0.0,452000000.0,22830000.0,104500000000.0,85900000000.0,62.0,5.0,27.0,7.0,89720.0,13150.0,168200.0,350600000.0,291200.0,557000.0,264500.0,25510.0,39050000000.0,45050000000.0,0.0,6003000000.0,542500000000.0,145000000.0
Papua New Guinea,0.0,0.0,598000.0,1302000000.0,1015000000.0,63.0,0.0,30.0,7.0,50000.0,55600.0,22220.0,159400000.0,22170.0,37000.0,17110.0,0.0,11180000000.0,99110000.0,11100000000.0,0.0,141500000000.0,3700000.0
Philippines,0.0,0.0,22730000.0,94370000000.0,77790000000.0,67.0,0.0,17.0,16.0,15000.0,16450.0,211400.0,138500000.0,215500.0,424000.0,211400.0,26710.0,3058000000.0,3143000000.0,0.0,0.0,98540000000.0,105700000.0
Puerto Rico,0.0,0.0,6118000.0,20300000000.0,18880000000.0,94.0,0.0,2.0,4.0,0.0,0.0,0.0,0.0,0.0,98000.0,127100.0,18420.0,0.0,1303000000.0,0.0,1303000000.0,0.0,19000000.0
Qatar,0.0,0.0,8836000.0,39010000000.0,36530000000.0,100.0,0.0,0.0,1.0,1500000.0,1150000.0,0.0,25240000000.0,273800.0,277000.0,12300.0,485000.0,166400000000.0,39900000000.0,126500000000.0,0.0,24300000000000.0,92000000.0
Saint Helena Ascension and Tristan da Cunha,0.0,0.0,8000.0,10000000.0,9300000.0,100.0,0.0,0.0,0.0,0.0,0.0,0.0,0.0,0.0,70.0,65.0,0.0,0.0,0.0,0.0,0.0,0.0,12080.0
Saint Kitts and Nevis,0.0,0.0,63200.0,208000000.0,193400000.0,94.0,0.0,0.0,6.0,0.0,0.0,0.0,0.0,0.0,1700.0,1743.0,0.0,0.0,0.0,0.0,0.0,0.0,300000.0
Saint Lucia,0.0,0.0,89000.0,358000000.0,332900000.0,99.0,0.0,0.0,1.0,0.0,0.0,0.0,0.0,0.0,3100.0,3113.0,0.0,0.0,0.0,0.0,0.0,0.0,400000.0
Saint Pierre and Miquelon,0.0,0.0,27600.0,47000000.0,43710000.0,96.0,0.0,0.0,4.0,0.0,0.0,0.0,0.0,0.0,660.0,650.0,0.0,0.0,0.0,0.0,0.0,0.0,200000.0
Saint Vincent and the Grenadines,0.0,0.0,48000.0,155000000.0,144200000.0,85.0,0.0,13.0,2.0,0.0,0.0,0.0,0.0,0.0,1620.0,1621.0,0.0,0.0,0.0,0.0,0.0,0.0,300000.0
Samoa,0.0,0.0,45000.0,127000000.0,118100000.0,48.0,0.0,23.0,29.0,0.0,0.0,0.0,0.0,0.0,2400.0,2363.0,0.0,0.0,0.0,0.0,0.0,0.0,200000.0
Sao Tome and Principe,0.0,0.0,20000.0,66000000.0,61380000.0,88.0,0.0,11.0,1.0,0.0,0.0,0.0,0.0,0.0,1000.0,1027.0,0.0,0.0,0.0,0.0,0.0,0.0,100000.0
Saudi Arabia,0.0,0.0,69050000.0,318000000000.0,292800000000.0,100.0,0.0,0.0,0.0,10130000.0,7341000.0,0.0,266500000000.0,2476000.0,3287000.0,609600.0,1784000.0,109300000000.0,109300000000.0,0.0,0.0,8602000000000.0,594000000.0
Senegal,0.0,0.0,965000.0,3673000000.0,3014000000.0,82.0,0.0,7.0,11.0,0.0,0.0,17880.0,0.0,17590.0,48000.0,32050.0,4063.0,59460000.0,59460000.0,0.0,0.0,9911000000.0,7300000.0
Seychelles,0.0,0.0,87000.0,409000000.0,365900000.0,91.0,0.0,0.0,9.0,0.0,0.0,0.0,0.0,0.0,7300.0,7225.0,0.0,0.0,0.0,0.0,0.0,0.0,1400000.0
Sierra Leone,0.0,0.0,81000.0,175000000.0,162800000.0,23.0,0.0,51.0,26.0,0.0,0.0,0.0,0.0,0.0,6500.0,6439.0,0.0,0.0,0.0,0.0,0.0,0.0,1400000.0
Singapore,0.0,0.0,13350000.0,51600000000.0,48630000000.0,98.0,0.0,0.0,2.0,0.0,14780.0,783300.0,0.0,755000.0,1322000.0,2335000.0,1820000.0,0.0,12970000000.0,622900000.0,13480000000.0,0.0,205000000.0
Solomon Islands,0.0,0.0,37000.0,90000000.0,83700000.0,92.0,0.0,0.0,8.0,0.0,0.0,0.0,0.0,0.0,1600.0,1577.0,0.0,0.0,0.0,0.0,0.0,0.0,300000.0
Somalia,0.0,0.0,81000.0,344000000.0,319900000.0,93.0,0.0,0.0,7.0,0.0,0.0,0.0,0.0,0.0,5600.0,5590.0,0.0,0.0,0.0,0.0,0.0,5663000000.0,900000.0
South Sudan,0.0,0.0,80000.0,310300000.0,0.0,100.0,0.0,0.0,1.0,150200.0,147300.0,0.0,3750000000.0,0.0,8000.0,7160.0,0.0,0.0,0.0,0.0,0.0,63710000000.0,2016000.0
Sri Lanka,0.0,0.0,4056000.0,14150000000.0,11720000000.0,52.0,0.0,42.0,6.0,0.0,0.0,33540.0,0.0,34210.0,116000.0,66280.0,3871.0,0.0,0.0,0.0,0.0,0.0,18500000.0
Sudan,0.0,0.0,3736000.0,12690000000.0,10260000000.0,44.0,0.0,51.0,6.0,102300.0,19540.0,9440.0,5000000000.0,94830.0,112000.0,24340.0,8541.0,0.0,0.0,0.0,0.0,84950000000.0,14000000.0
Suriname,0.0,0.0,435000.0,2190000000.0,1948000000.0,61.0,0.0,38.0,2.0,17000.0,0.0,820.0,83980000.0,7571.0,13000.0,10700.0,14000.0,0.0,0.0,0.0,0.0,0.0,2400000.0
Taiwan,0.0,0.0,48610000.0,264100000000.0,255300000000.0,79.0,11.0,4.0,6.0,196.0,0.0,846400.0,2380000.0,924000.0,962400.0,418300.0,349600.0,237900000.0,22450000000.0,0.0,22140000000.0,6229000000.0,25050000.0
Tanzania,0.0,71000000.0,1187000.0,6025000000.0,4976000000.0,55.0,0.0,40.0,6.0,0.0,0.0,0.0,0.0,0.0,72000.0,67830.0,0.0,3115000000.0,3115000000.0,0.0,0.0,6513000000.0,10000000.0
Timor-Leste,0.0,0.0,,,0.0,0.0,0.0,0.0,100.0,40320.0,62060.0,0.0,0.0,0.0,3500.0,3481.0,0.0,5776000000.0,0.0,5776000000.0,0.0,200000000000.0,500000.0
Togo,0.0,1242000000.0,229000.0,78800000.0,1213000000.0,70.0,0.0,29.0,1.0,0.0,0.0,0.0,0.0,0.0,15000.0,13100.0,0.0,0.0,0.0,0.0,0.0,0.0,1800000.0
Tonga,0.0,0.0,17000.0,50000000.0,46500000.0,74.0,0.0,0.0,26.0,71800.0,0.0,0.0,0.0,0.0,900.0,910.0,0.0,0.0,0.0,0.0,0.0,0.0,200000.0
Trinidad and Tobago,0.0,0.0,2117000.0,9682000000.0,9461000000.0,100.0,0.0,0.0,0.0,36620.0,31030.0,80860.0,243000000.0,134700.0,51000.0,0.0,106100.0,36730000000.0,21240000000.0,15490000000.0,0.0,300100000000.0,48000000.0
Turks and Caicos Islands,0.0,0.0,79000.0,220000000.0,204600000.0,100.0,0.0,0.0,0.0,0.0,0.0,0.0,0.0,0.0,1420.0,1369.0,0.0,0.0,0.0,0.0,0.0,0.0,200000.0
Tuvalu,0.0,0.0,5100.0,11800000.0,,96.0,0.0,0.0,,0.0,0.0,0.0,0.0,0.0,,,0.0,0.0,0.0,0.0,0.0,,
United Arab Emirates,0.0,0.0,28900000.0,119700000000.0,110600000000.0,99.0,0.0,0.0,1.0,3174000.0,2552000.0,0.0,97800000000.0,943500.0,896000.0,392000.0,817700.0,62010000000.0,74480000000.0,7504000000.0,20220000000.0,6091000000000.0,245000000.0
Vanuatu,0.0,0.0,33000.0,55000000.0,68060000.0,71.0,0.0,0.0,29.0,0.0,0.0,0.0,0.0,0.0,1100.0,1073.0,0.0,0.0,0.0,0.0,0.0,0.0,200000.0
Venezuela,0.0,0.0,32170000.0,114400000000.0,73990000000.0,51.0,0.0,49.0,0.0,2007000.0,1656000.0,0.0,300900000000.0,926300.0,659000.0,20640.0,325800.0,27070000000.0,24210000000.0,0.0,0.0,5701000000000.0,188000000.0
Virgin Islands,0.0,0.0,316000.0,636200000.0,117200000.0,98.0,0.0,0.0,2.0,0.0,0.0,0.0,0.0,0.0,1240.0,23480.0,3285.0,0.0,0.0,0.0,0.0,0.0,9400000.0
West Bank,0.0,5403000000.0,152000.0,475000000.0,5845000000.0,78.0,0.0,0.0,22.0,0.0,0.0,0.0,0.0,0.0,24000.0,22740.0,19.0,0.0,0.0,0.0,0.0,0.0,3000000.0
Western Sahara,0.0,0.0,58000.0,,0.0,100.0,0.0,0.0,0.0,0.0,0.0,0.0,0.0,0.0,1700.0,1702.0,0.0,0.0,0.0,0.0,0.0,0.0,300000.0
Yemen,0.0,0.0,1534000.0,5006000000.0,3634000000.0,79.0,0.0,0.0,21.0,12260.0,8990.0,0.0,3000000000.0,20180.0,104000.0,75940.0,12670.0,481400000.0,481400000.0,0.0,0.0,478500000000.0,22000000.0
Tajikistan,,63000000.0,5500000.0,16980000000.0,12940000000.0,6.0,0.0,94.0,0.0,180.0,0.0,0.0,12000000.0,172.0,24000.0,22460.0,0.0,19820000.0,19820000.0,0.0,0.0,5663000000.0,3700000.0
Sint Maarten,,,,304300000.0,,,,,,,0.0,0.0,,0.0,10600.0,10440.0,0.0,,,,,,
Jersey,,,,,630100000.0,,,,,,,,,,,,,,,,,,450000.0
Svalbard,,,,,,,,,,194300.0,16070.0,0.0,,,80250.0,18600.0,4488.0,0.0,0.0,0.0,0.0,,
Tokelau,,,,,,,,,,,,,0.0,,,,,,,,,,
