Table 4-107:  Transmission Mile Coverage (kg) and Regression Coefficients (Percent),,,,,,,
,,,,,,,
,1999,2011,2012,2013,2014,2015,2016
Percentage of Miles Covered by Reporters ,50%,70%,73%,73%,73%,70%,67%
Regression Coefficienta ,0.71,0.28,0.24,0.23,0.23,0.21,0.21
"a Regression coefficient for emissions is calculated utilizing transmission miles as the explanatory variable and emissions as the response variable. The equation utilizes a constant intercept of zero. When calculating the regression coefficient, outliers are also removed from the analysis when the standard residual for that reporter exceeds the value 3.0. In 2016, one reporter was removed as a result of the outlier test.  ",,,,,,,
