Table 4-10:  Approach 2 Quantitative Uncertainty Estimates for CO2 Emissions from Lime Production (MMT CO2 Eq. and Percent),,,,,,,,,
,,,,,,,,,
,Source,Gas,2016 Emission Estimate,Uncertainty Range Relative to Emission Estimatea,,,,,
,,,(MMT CO2 Eq.),(MMT CO2 Eq.),,,(%),,
,,,,Lower Bound,Upper Bound,Lower Bound,Upper Bound,,
,Lime Production,CO2,12.9,12.7,13.2,-2%,2%,,
,aRange of emission estimates predicted by Monte Carlo Stochastic Simulation for a 95 percent confidence interval.,,,,,,,,
