Table 4-83:  Approach 2 Quantitative Uncertainty Estimates for CO2 and PFC Emissions from Aluminum Production (MMT CO2 Eq. and Percent),,,,,,,
,Source,Gas,2016 Emission Estimate,Uncertainty Range Relative to Emission Estimatea,,,
,,,(MMT CO2 Eq.),(MMT CO2 Eq.),,(%),
,,,,Lower Bound,Upper Bound,Lower Bound,Upper Bound
,Aluminum Production,CO2,1.3,1.3,1.4,-3%,2%
,Aluminum Production,CF4,0.9,0.8,1,-10%,10%
,Aluminum Production,C2F6,0.4,0.4,0.5,-17%,17%
,a Range of emission estimates predicted by Monte Carlo Stochastic Simulation for a 95 percent confidence interval.,,,,,,
