Table 4-103:  U.S. HFC Supply (MMT CO2 Eq.),,,,,,,
,,,,,,,
,2010,2011,2012,2013,2014,2015,2016
Reported Net Supply (GHGRP),236,251,253,305,291,323,268
Industrial GHG Suppliers,236,244,235,288,266,297,240
HFCs in Products and Foams,NA,7,18,17,25,26,28
Modeled Supply (Vintaging Model),256,264,267,272,281,278,277
Percent Difference,9%,5%,6%,-11%,-3%,-14%,3%
,,,,,,,
NA (Not Available),,,,,,,
a Importers and exporters of fluorinated gases in products were not required to report 2010 data.,,,,,,,
