"Table 4-35:  Approach 2 Quantitative Uncertainty Estimates for N2O Emissions from Caprolactam, Glyoxal and Glyoxylic Acid Production (MMT CO2 Eq. and Percent) ",,,,,,
,,,,,,
Source,Gas,2016 Emission Estimate,Uncertainty Range Relative to Emission Estimatea,,,
,,(MMT CO2 Eq.),(MMT CO2 Eq.),,(%),
,,,Lower Bound,Upper Bound,Lower Bound,Upper Bound
Caprolactam Production,N2O,2,1.4,2.6,-31%,31%
a Range of emission estimates predicted by Monte Carlo Stochastic Simulation for a 95 percent confidence interval.,,,,,,
