Table 4-59:  Approach 2 Quantitative Uncertainty Estimates for CO2 Emissions from Phosphoric Acid Production (MMT CO2 Eq. and Percent) ,,,,,,
,,,,,,
Source,Gas,2016 Emission Estimate,Uncertainty Range Relative to Emission Estimatea,,,
,,(MMT CO2 Eq.),(MMT CO2 Eq.),,(%),
,,,Lower Bound,Upper Bound,Lower Bound,Upper Bound
Phosphoric Acid Production,CO2,1,0.8,1.3,-19%,22%
a Range of emission estimates predicted by Monte Carlo Stochastic Simulation for a 95 percent confidence interval.,,,,,,
