"Table 4-98:  Approach 2 Quantitative Uncertainty Estimates for HFC, PFC, SF6, NF3 and N2O Emissions from Semiconductor Manufacture (MMT CO2 Eq. and Percent)a",,,,,,,
,,,,,,,
,Source,Gas,2016 Emission Estimate,Uncertainty Range Relative to Emission Estimateb,,,
,,,(MMT CO2 Eq.),(MMT CO2 Eq.),,(%),
,,,,Lower Boundc,Upper Boundc,Lower Bound,Upper Bound
,Semiconductor Manufacture,"HFC, PFC, SF6, NF3, and N2O",5,4.7,5.2,-6%,6%
,a This uncertainty analysis does not include quantification of the uncertainty of emissions from heat transfer fluids.,,,,,,
,b Range of emission estimates predicted by Monte Carlo Stochastic Simulation for a 95 percent confidence interval.,,,,,,
,c Absolute lower and upper bounds were calculated using the corresponding lower and upper bounds in percentages.,,,,,,
