"Table 4-87:  Approach 2 Quantitative Uncertainty Estimates for SF6, HFC-134a and CO2 Emissions from Magnesium Production and Processing (MMT CO2 Eq. and Percent) ",,,,,,,
,,,,,,,
,Source,Gas,2016 Emission Estimate,Uncertainty Range Relative to Emission Estimatea,,,
,,,(MMT CO2 Eq.),(MMT CO2 Eq.),,(%),
,,,,Lower Bound,Upper Bound,Lower Bound,Upper Bound
,Magnesium Production,"SF6, HFC-134a, CO2",1.1,1.1,1.2,-5%,5%
,a Range of emission estimates predicted by Monte Carlo Stochastic Simulation for a 95 percent confidence interval.,,,,,,
