Table 7-5:  Approach 2 Quantitative Uncertainty Estimates for CH4 Emissions from Landfills (MMT CO2 Eq. and Percent),,,,,,,
,,,,,,,
,Source,Gas,2016 Emission Estimate,Uncertainty Range Relative to Emission Estimatea,,,
,,,(MMT CO2 Eq.),(MMT CO2 Eq.),,(%),
,,,,Lower Bound,Upper Bound,Lower Bound,Upper Bound
,Total Landfills,CH4,107.7,82.6,131.9,-23%,23%
,  MSW,CH4,92.7,69.6,116.5,-25%,26%
,  Industrial,CH4,14.9,10.3,18.7,-31%,25%
,a Range of emission estimates predicted by Monte Carlo Stochastic Simulation for a 95 percent confidence interval.,,,,,,
