Table 7-16:  Approach 2 Quantitative Uncertainty Estimates for CH4 Emissions from Wastewater Treatment (MMT CO2 Eq. and Percent) ,,,,,,,
,,,,,,,
,Source,Gas,2016 Emission Estimate,Uncertainty Range Relative to Emission Estimatea,,,
,,,(MMT CO2 Eq.),(MMT CO2 Eq.),,,(%)
,,,,Lower Bound,Upper Bound,Lower Bound,Upper Bound
,Wastewater Treatment,CH4,14.8,11,18,-26%,22%
,Domestic,CH4,8.9,6.6,11.2,-26%,26%
,Industrial,CH4,5.9,3.1,8.6,-48%,45%
,Wastewater Treatment,N2O,5,1.3,10.5,-75%,112%
,a Range of emission estimates predicted by Monte Carlo Stochastic Simulation for a 95 percent confidence interval.,,,,,,
