Table 5-20:  Quantitative Uncertainty Estimates of N2O Emissions from Agricultural Soil Management in 2016 (MMT CO2 Eq. and Percent),,,,,,
,,,,,,
Source,Gas,2016 Emission Estimate,Uncertainty Range Relative to Emission Estimate,,,
,,(MMT CO2 Eq.),(MMT CO2 Eq.),,(%),
,,,Lower Bound,Upper Bound,Lower Bound,Upper Bound
Direct Soil N2O Emissions,N2O,237.6,199.2,276.1,-16%,16%
Indirect Soil N2O Emissions,N2O,45.9,16,116.8,-65%,154%
"Notes: Due to lack of data, uncertainties in managed manure N production, PRP manure N production, other organic fertilizer amendments, and biosolids (i.e., sewage sludge) amendments to soils are currently treated as certain; these sources of uncertainty will be included in future Inventory reports.",,,,,,
