Table 5-35:  Approach 2 Quantitative Uncertainty Estimates for CH4 and N2O Emissions from Field Burning of Agricultural Residues (MMT CO2 Eq. and Percent),,,,,,,
,,,,,,,
,Source,Gas,2016 Emission Estimate,Uncertainty Range Relative to Emission Estimate,,,
,,,(MMT CO2 Eq.),(MMT CO2 Eq.),,(%),
,,,,Lower Bound,Upper Bound,Lower Bound,Upper Bound
,Field Burning of Agricultural Residues,CH4,0.3,0.23,0.31,-14%,14%
,Field Burning of Agricultural Residues,N2O,0.1,0.08,0.11,-14%,14%
,a Range of emission estimates predicted by ARMA linear regression time-series model for a 95 percent confidence interval.,,,,,,
