Table 5-6:  Approach 2 Quantitative Uncertainty Estimates for CH4 Emissions from Enteric Fermentation (MMT CO2 Eq. and Percent),,,,,,,
,,,,,,,
,Source,Gas,2016 Emission Estimate,"Uncertainty Range Relative to Emission Estimatea, b, c",,,
,,,(MMT CO2 Eq.),(MMT CO2 Eq.),,(%),
,,,,Lower Bound,Upper Bound,Lower Bound,Upper Bound
,Enteric Fermentation,CH4,170.1,151.4,200.7,-11%,18%
,a Range of emissions estimates predicted by Monte Carlo Stochastic Simulation for a 95 percent confidence interval.,,,,,,
,b Note that the relative uncertainty range was estimated with respect to the 2001 emission estimates from the 2003 submission and applied to the 2016 estimates.,,,,,,
,"c The overall uncertainty calculated in 2003, and applied to the 2016 emission estimate, did not include uncertainty estimates for calves, American bison, and mules and asses. Additionally, for bulls the emissions estimate was based on the Tier 1 methodology. Since bull emissions are now estimated using the Tier 2 method, the uncertainty surrounding their estimates is likely lower than indicated by the previous uncertainty analysis.",,,,,,
