Table 5-27:  Applied Urea (MMT),,,,,,,,,,,,,,,,,,,,,,,,,,,,
,,,,,,,,,,,,,,,,,,,,,,,,,,,,
,,1990,1991,1992,1993,1994,1995,1996,1997,1998,1999,2000,2001,2002,2003,2004,2005,2006,2007,2008,2009,2010,2011,2012,2013,2014,2015,2016
,Urea Fertilizera,3.3,3.2,3.3,3.6,3.7,3.6,3.5,3.7,4.0,4.1,4.4,4.7,4.9,5.0,5.0,4.8,5.0,5.1,4.9,4.8,5.2,5.6,5.8,6.1,6.2,6.7,7
,"a These numbers represent amounts applied to all agricultural land, including Cropland Remaining Cropland, Land Converted to Cropland, Grassland Remaining Grassland, Land Converted to Grassland, Settlements Remaining Settlements, Land Converted to Settlements, Forest Land Remaining Forest Land and Land Converted to Forest Land, as it is not currently possible to apportion the data by land-use category.",,,,,,,,,,,,,,,,,,,,,,,,,,,
