Table 5-9:  Approach 2 Quantitative Uncertainty Estimates for CH4 and N2O (Direct and Indirect) Emissions from Manure Management (MMT CO2 Eq. and Percent),,,,,,
,,,,,,
Source,Gas,2016 Emission Estimate,Uncertainty Range Relative to Emission Estimatea,,,
,,(MMT CO2 Eq.),(MMT CO2 Eq.),,(%),
,,,Lower Bound,Upper Bound,Lower Bound,Upper Bound
Manure Management,CH4,67.7,55.5,81.3,-18%,20%
Manure Management,N2O,18.1,15.2,22.5,-16%,24%
a Range of emission estimates predicted by Monte Carlo Stochastic Simulation for a 95 percent confidence interval.,,,,,,
