Table 5-15:  Approach 2 Quantitative Uncertainty Estimates for CH4 Emissions from Rice Cultivation (MMT CO2 Eq. and Percent),,,,,,,,
,,,,,,,,
,Source,Inventory Method,Gas,2016 Emission Estimate,Uncertainty Range Relative to Emission Estimatea,,,
,,,,(MMT CO2 Eq.),(MMT CO2 Eq.),,(%),
,,,,,Lower Bound,Upper Bound,Lower Bound,Upper Bound
,Rice Cultivation,Tier 3,CH4,11.9,7.7,16.2,-36%,36%
,Rice Cultivation,Tier 1,CH4,1.8,0.8,2.8,-55%,55%
,Rice Cultivation,Total,CH4,13.7,9.3,22.5,-32%,64%
,a Range of emission estimates predicted by Monte Carlo Stochastic Simulation for a 95 percent confidence interval.,,,,,,,
