Table 3-41:  Recalculations of CO2 in Petroleum Systems (MMT CO2),,,
,,,
,"Previous Estimate Year 2015, 2017 Inventory","Current Estimate Year 2015, 2018 Inventory","Current Estimate Year 2016, 2018 Inventory"
Exploration,NA,0.3,+
Well Testing,NE,0.3,+
Production ,0.6,24.5,19
Associated Gas Venting & Flaring,NE,12.2,9.1
Tanks,0.5,8.7,7.4
Miscellaneous Flaring*,NE,3.4,2.5
Transportation,NE,NE,NE
Refining,2.9,4,3.7
Petroleum Systems Total,3.6,28.8,22.8
"*In the 2017 Inventory, emissions were generally included within the natural gas production flaring emissions estimate. ",,,
NA (Not Applicable),,,
NE (Not Estimated),,,
+ Does not exceed 0.05 MMT CO2,,,
