"Table 3-21:  2016 Adjusted Non-Energy Use Fossil Fuel Consumption, Storage, and Emissions",,,,,,,,
,,,,,,,,
,,Adjusted,Carbon Content Coefficient,Potential Carbon,Storage,Carbon,Carbon,Carbon
,,Non-Energy Usea,,,Factor,Stored,Emissions,Emissions
,Sector/Fuel Type,(TBtu),(MMT C/QBtu),(MMT C),,(MMT C),(MMT C),(MMT CO2 Eq.)
,Industry,4626.9,NA,85.3,NA,58.6,26.6,97.6
,Industrial Coking Coal,88.8,31,2.8,0.1,0.3,2.5,9.1
,Industrial Other Coal,10.3,25.82,0.3,0.7,0.2,0.1,0.3
,Natural Gas to       Chemical Plants,289.5,14.47,4.2,0.7,2.9,1.3,4.6
,Asphalt & Road Oil,853.4,20.55,17.5,1,17.5,0.1,0.3
,LPG,2117.6,17.06,36.1,0.7,25.3,10.8,39.7
,Lubricants,148.9,20.2,3,0.09,0.3,2.7,10
,Pentanes Plus,53,19.1,1,0.7,0.7,0.3,1.1
,Naphtha (<401� F),396.6,18.55,7.4,0.7,5.2,2.2,8.1
,Other Oil (>401� F),203.8,20.17,4.1,0.7,2.9,1.2,4.5
,Still Gas,166.1,17.51,2.9,0.7,2,0.9,3.2
,Petroleum Coke,0,27.85,0,0.3,0,0,0
,Special Naphtha,88.7,19.74,1.8,0.7,1.2,0.5,1.9
,Distillate Fuel Oil,5.8,20.17,0.1,0.5,0.1,0.1,0.2
,Waxes,12.9,19.8,0.3,0.58,0.1,0.1,0.4
,Miscellaneous Products,191.3,20.31,3.9,0,0,3.9,14.2
,Transportation,140.6,NA,2.8,NA,0.3,2.6,9.5
,Lubricants,140.6,20.2,2.8,0.09,0.3,2.6,9.5
,U.S. Territories,77.3,NA,1.5,NA,0.2,1.4,5.1
,Lubricants,1,20.2,0,0.09,0,0,0.1
,Other Petroleum (Misc. Prod.),76.2,20,1.5,0.1,0.2,1.4,5
,Total,4844.8,,89.7,,59.1,30.6,112.2
,"+ Does not exceed 0.05 TBtu, MMT C, MMT CO2 Eq.",,,,,,,
,NA (Not Applicable),,,,,,,
,"a To avoid double counting, net exports have been deducted.",,,,,,,
,Note: Totals may not sum due to independent rounding.,,,,,,,
