Table 3-18:  Approach 2 Quantitative Uncertainty Estimates for CH4 and N2O Emissions from Mobile Sources (MMT CO2 Eq. and Percent),,,,,,,
,,,,,,,
,Source,Gas,2016 Emission Estimatea,Uncertainty Range Relative to Emission Estimatea,,,
,,,(MMT CO2 Eq.),(MMT CO2 Eq.),,(%),
,,,,Lower Bound,Upper Bound,Lower Bound,Upper Bound
,Mobile Sources,CH4,3.6,3.4,4.6,-7%,26%
,Mobile Sources,N2O,18.4,16.8,21,-9%,14%
,a Range of emission estimates predicted by Monte Carlo Stochastic Simulation for a 95 percent confidence interval.,,,,,,
