Table 3-76:  Miscellaneous Production Flaring National CH4 Emissions (Metric Tons CH4),,,,,,,,,,,,,,,,,,,,,,,,,,,,
,,,,,,,,,,,,,,,,,,,,,,,,,,,,
,Source,1990,1991,1992,1993,1994,1995,1996,1997,1998,1999,2000,2001,2002,2003,2004,2005,2006,2007,2008,2009,2010,2011,2012,2013,2014,2015,2016
,Miscellaneous Flaring-Gulf Coast Basin,NO,NO,NO,52,105,163,228,280,337,383,451,502,518,550,589,608,641,667,693,644,626,679,815,977,1152,1288,672
,Miscellaneous Flaring-Williston Basin,NO,NO,NO,+,+,+,+,+,+,+,+,+,+,+,+,+,+,+ ,+ ,+ ,+ ,+ ,+ ,+ ,+ ,+ , + 
,Miscellaneous Flaring-Permian Basin,NO,NO,NO,107,212,313,423,529,640,723,829,952,1034,1139,1270,1197,1307,1416,1512,1561,1571,1603,1767,2017,2490,2992,2095
,Miscellaneous Flaring-Other Basins,NO,NO,NO,34,71,107,146,184,219,257,306,347,392,446,506,569,630,728,851,941,1060,1233,1345,1418,1540,1639,1895
,Miscellaneous Flaring-National Total,NO,NO,NO,193,388,583,797,994,1196,1363,1586,1802,1944,2135,2365,2374,2578,2812,3056,3147,3258,3515,3926,4411,5182,5918,4662
,Previous Estimated emissions from flaring (natural gas and petroleum)a,NE,NE,NE,NE,NE,NE,NE,NE,NE,NE,NE,NE,NE,NE,NE,NE,NE,NE,NE,NE,NE,NE,NE,NE,NE,NE, NA 
,a Prior Inventories did not estimate methane emissions from a source similar to miscellaneous production flaring.,,,,,,,,,,,,,,,,,,,,,,,,,,,
,NO (Not Occurring),,,,,,,,,,,,,,,,,,,,,,,,,,,
,NE (Not Estimated),,,,,,,,,,,,,,,,,,,,,,,,,,,
,NA (Not Applicable),,,,,,,,,,,,,,,,,,,,,,,,,,,
,+ Does not exceed 0.5 MT CH4.,,,,,,,,,,,,,,,,,,,,,,,,,,,
