"Table 3-79:  Processing CO2 Updates, National Emissions (kt CO2)",,,,,,,,,,,,,,,,,,,,,,,,,,,,
,,,,,,,,,,,,,,,,,,,,,,,,,,,,
,Source,1990,1991,1992,1993,1994,1995,1996,1997,1998,1999,2000,2001,2002,2003,2004,2005,2006,2007,2008,2009,2010,2011,2012,2013,2014,2015,2016
,Acid Gas Removal,"28,282","27,279","27,205","26,418","25,818","23,513","21,218","20,468","18,137","18,434","18,106","17,199","17,345","16,428","15,927","15,320","15,012","14,645","14,273","13,873","13,563","13,579","13,579","14,565","14,946","14,946","16,565"
,Previous Acid Gas Removal,"27,708",26725,"26,652","26,434","26,397","24,577","22,684","23,115","22,406","23,064","23,288","22,342","23,022","21,958","21,737","21,694","21,161","21,144","21,328","21,130","21,287","21,404","21,404","21,690","23,643","23,643",NA 
,Processing-flaring,NO,NO,NO,347,693,968,1191,"1,469","1,600","1,943","2,236","2,451","2,819","3,017","3,280","3,516","3,820","4,114","4,412","4,704","5,032","5,502","5,502","5,902","6,056","6,056","5,404"
,Previous processing flaring a,NA,NA,NA,NA,NA,NA,NA,NA,NA,NA,NA,NA,NA,NA,NA,NA,NA,NA,NA,NA,NA,NA,NA,NA,NA,NA,NA
,NA (Not Applicable),,,,,,,,,,,,,,,,,,,,,,,,,,,
,"a The previous estimated emissions from flaring included emissions from multiple sources in the natural gas and petroleum production segments, and natural gas processing segment. The previous estimate was presented as a single emission source in the natural gas systems production segment.",,,,,,,,,,,,,,,,,,,,,,,,,,,
