Table 3-22:  Approach 2 Quantitative Uncertainty Estimates for CO2 Emissions from Non-Energy Uses of Fossil Fuels (MMT CO2 Eq. and Percent),,,,,,,
,,,,,,,
,Source,Gas,2016 Emission Estimate,Uncertainty Range Relative to Emission Estimatea,,,
,,,(MMT CO2 Eq.),(MMT CO2 Eq.),,(%),
,,,,Lower Bound,Upper Bound,Lower Bound,Upper Bound
,Feedstocks,CO2,63.4,47.9,111.3,-24%,76%
,Asphalt,CO2,0.3,0.1,0.6,-58%,117%
,Lubricants,CO2,19.5,16.2,22.7,-17%,16%
,Waxes,CO2,0.4,0.3,0.7,-23%,77%
,Other,CO2,28.6,17.5,31.2,-39%,9%
,Total,CO2,112.2,90.6,156.3,-19%,39%
,a Range of emission estimates predicted by Monte Carlo Stochastic Simulation for a 95 percent confidence interval.,,,,,,
,Note: Totals may not sum due to independent rounding.,,,,,,
