Table 3-90:  Approach 2 Quantitative Uncertainty Estimates for CH4 and CO2 Emissions from Petroleum and Natural Gas Systems (MMT CO2 Eq. and Percent),,,,,,,
,,,,,,,
,Source,Gas,2016 Emission Estimate,Uncertainty Range Relative to Emission Estimatea,,,
,,,(MMT CO2 Eq.)b,(MMT CO2 Eq.),,(%),
,,,,Lower Bound,Upper Bound,Lower Bound,Upper Bound
,Abandoned Oil Wells,CH4 ,5.8,1,18.1,-83%,215%
,Abandoned Gas Wells,CH4 ,1.4,0.2,4.3,-83%,215%
,Abandoned Oil Wells,CO2 ,0.005,0.001,0.015,-83%,215%
,Abandoned Gas Wells,CO2 ,0.007,0.001,0.022,-83%,215%
,a Range of emission estimates estimated by applying the 95 percent confidence intervals obtained from the Monte Carlo Simulation analysis conducted for the year 2016 for total abandoned oil and gas well CH4 emissions. ,,,,,,
,"b All reported values are rounded after calculation. As a result, lower and upper bounds may not be duplicable from other rounded values as shown in table.",,,,,,
