Table 3-75:  Miscellaneous Production Flaring National CO2 Emissions (kt CO2),,,,,,,,,,,,,,,,,,,,,,,,,,,,
,,,,,,,,,,,,,,,,,,,,,,,,,,,,
,Source,1990,1991,1992,1993,1994,1995,1996,1997,1998,1999,2000,2001,2002,2003,2004,2005,2006,2007,2008,2009,2010,2011,2012,2013,2014,2015,2016
,Miscellaneous Flaring-Gulf Coast Basin,NO,NO,NO,15,30,46,64,79,94,107,126,141,145,154,165,170,180,187,194,181,176,190,228,274,323,361,246
,Miscellaneous Flaring-Williston Basin,NO,NO,NO, + , + , + , + , + , + , + , + , + , + , + , + , + , + , + , + , + , + , + , + ,+,+ ,+ ,+ 
,Miscellaneous Flaring-Permian Basin,NO,NO,NO,24,48,70,95,119,144,163,187,214,233,257,286,270,294,319,340,351,354,361,398,454,561,674,474
,Miscellaneous Flaring-Other Basins,NO,NO,NO,8,16,25,34,43,51,60,71,81,91,103,118,132,146,169,198,219,246,286,312,329,357,380,409
,Miscellaneous Flaring-National Total,NO,NO,NO,47,94,141,193,240,289,330,384,436,469,514,568,572,620,675,732,751,775,837,938,1057,1241,1415,1129
,Previous Estimated emissions from flaring (natural gas and petroleum)a,9093,10299,10172,13719,13803,17168,16509,15525,6250,6679,5525,5858,5985,5920,5823,7193,7812,8649,10044,9960,9967,13085,12704,15684,17629,17629,       NA 
,"a The previous estimated emissions from flaring included emissions from multiple sources in the production and processing segments, and also included petroleum systems flaring emissions.",,,,,,,,,,,,,,,,,,,,,,,,,,,
,NO (Not Occurring),,,,,,,,,,,,,,,,,,,,,,,,,,,
,NA (Not Applicable),,,,,,,,,,,,,,,,,,,,,,,,,,,
,+ Does not exceed 0.5 kt CO2.,,,,,,,,,,,,,,,,,,,,,,,,,,,
