"Table 3-80:  Transmission and Storage CH4 Updates to Flaring, National Emissions (MT CH4)",,,,,,,,,,,,,,,,,,,,,,,,,,,,
,,,,,,,,,,,,,,,,,,,,,,,,,,,,
,Source,1990,1991,1992,1993,1994,1995,1996,1997,1998,1999,2000,2001,2002,2003,2004,2005,2006,2007,2008,2009,2010,2011,2012,2013,2014,2015,2016
,Transmission-flaring*,307,309,306,304,301,299,297,295,292,290,288,285,283,281,278,276,274,271,269,267,264,262,281,303,326,326,395
,Storage-flaring*,235,244,251,249,247,245,243,240,238,236,234,232,230,227,225,223,225,223,228,228,229,231,231,232,232,227,198
,Previous flaring (transmission and storage),NA,NA,NA,NA,NA,NA,NA,NA,NA,NA,NA,NA,NA,NA,NA,NA,NA,NA,NA,NA,NA,NA,NA,NA,NA,NA,NA
,NA (Not Applicable),,,,,,,,,,,,,,,,,,,,,,,,,,,
,"*Estimates are developed from GHGRP data, wherein compressor stations that service underground storage fields might be classified as transmission compression as the primary function. A significant fraction of the transmission station flaring emissions presented in this table likely occurs at stations that service storage facilities; such stations typically require flares, compared to a typical transmission compressor station used solely for mainline compression that does not require liquids separation, dehydration, and flaring.",,,,,,,,,,,,,,,,,,,,,,,,,,,
