Table 3-49:  Miscellaneous Production Flaring National CO2 Emissions (kt CO2),,,,,,,,,,,,,,,,,,,,,,,,,,,,
,,,,,,,,,,,,,,,,,,,,,,,,,,,,
,Source,1990,1991,1992,1993,1994,1995,1996,1997,1998,1999,2000,2001,2002,2003,2004,2005,2006,2007,2008,2009,2010,2011,2012,2013,2014,2015,2016
,Miscellaneous Flaring-Gulf Coast Basin,NO,NO,NO,25,33,41,51,59,66,67,76,81,84,91,95,99,105,110,114,112,132,209,379,587,806,860,389
,Miscellaneous Flaring-Williston Basin,NO,NO,NO,7,10,14,19,25,29,31,34,38,42,47,59,78,93,105,131,159,216,292,468,624,811,874,337
,Miscellaneous Flaring-Permian Basin,NO,NO,NO,26,38,50,63,76,84,88,98,107,114,122,130,139,148,157,172,183,202,234,288,342,430,494,775
,Miscellaneous Flaring-Other basins,NO,NO,NO,115,170,223,273,328,372,405,450,502,551,590,610,612,637,678,693,804,841,839,896,988,"1,134","1,190",953
,Miscellaneous Flaring-National Total,NO,NO,NO,173,251,329,407,487,551,591,659,728,791,851,893,929,983,"1,049","1,111","1,257","1,391","1,574","2,031","2,541","3,181","3,418","2,455"
,Previous Estimated emissions from flaring (natural gas and petroleum)a,"9,093","10,299","10,172","13,719","13,803","17,168","16,509","15,525","6,250","6,679","5,525","5,858","5,985","5,920","5,823","7,193","7,812","8,649","10,044","9,960","9,967","13,085","12,704","15,684","17,629","17,629",       NA 
,"a The previous estimated emissions from flaring included emissions from multiple sources in the production and processing segments, and also included petroleum systems flaring emissions.",,,,,,,,,,,,,,,,,,,,,,,,,,,
,NO (Not Occurring),,,,,,,,,,,,,,,,,,,,,,,,,,,
,NA (Not Applicable),,,,,,,,,,,,,,,,,,,,,,,,,,,
