Table 3-50:  Miscellaneous Production Flaring National CH4 Emissions (Metric Tons CH4),,,,,,,,,,,,,,,,,,,,,,,,,,,,
,,,,,,,,,,,,,,,,,,,,,,,,,,,,
,Source,1990,1991,1992,1993,1994,1995,1996,1997,1998,1999,2000,2001,2002,2003,2004,2005,2006,2007,2008,2009,2010,2011,2012,2013,2014,2015,2016
,Miscellaneous Flaring-Gulf Coast Basin,NO,NO,NO,101,138,170,210,244,271,278,313,336,348,376,393,409,432,454,470,463,544,861,"1,563","2,421","3,328","3,548","1,630"
,Miscellaneous Flaring-Williston Basin,NO,NO,NO,19,26,36,48,62,73,76,86,96,105,118,147,196,234,262,328,398,541,731,"1,172","1,562","2,029","2,188",957
,Miscellaneous Flaring-Permian Basin,NO,NO,NO,101,146,194,243,291,324,338,377,409,436,469,499,533,566,601,659,700,774,897,"1,103","1,312","1,650","1,893","2,738"
,Miscellaneous Flaring-Other basins,NO,NO,NO,396,584,769,941,"1,128","1,280","1,393","1,549","1,727","1,897","2,030","2,097","2,106","2,193","2,332","2,386","2,765","2,894","2,887","3,083","3,398","3,902","4,094","2,378"
,Miscellaneous Production Flaring � National Total,NO,NO,NO,616,894,"1,168","1,442","1,725","1,948","2,085","2,325","2,567","2,787","2,993","3,136","3,245","3,425","3,648","3,844","4,327","4,753","5,377","6,921","8,694","10,909","11,724","7,703"
,Previous Estimated emissions from flaringa,NE,NE,NE,NE,NE,NE,NE,NE,NE,NE,NE,NE,NE,NE,NE,NE,NE,NE,NE,NE,NE,NE,NE,NE,NE,NE,NA
,a Prior Inventories did not estimate methane emissions from a source similar to miscellaneous production flaring.,,,,,,,,,,,,,,,,,,,,,,,,,,,
,NO (Not Occurring),,,,,,,,,,,,,,,,,,,,,,,,,,,
,NE (Not Estimated),,,,,,,,,,,,,,,,,,,,,,,,,,,
,NA (Not Applicable),,,,,,,,,,,,,,,,,,,,,,,,,,,
