"Table 3-17:  Approach 2 Quantitative Uncertainty Estimates for CH4 and N2O Emissions from Energy-Related Stationary Combustion, Including Biomass (MMT CO2 Eq. and Percent)",,,,,,,
,,,,,,,
,Source,Gas,2016 Emission Estimate,Uncertainty Range Relative to Emission Estimatea,,,
,,,(MMT CO2 Eq.),(MMT CO2 Eq.),,(%),
,,,,Lower Bound,Upper Bound,Lower Bound,Upper Bound
,Stationary Combustion,CH4,7.3,5.1,15.7,-30%,114%
,Stationary Combustion,N2O,18.6,14.4,28.2,-22%,52%
,a Range of emission estimates predicted by Monte Carlo Stochastic Simulation for a 95 percent confidence interval.,,,,,,
