Table 3-60:  Recalculations of CO2 in Natural Gas Systems (MMT CO2),,,,
,,,,
,Stage and Emission Source,"Previous Estimate Year 2015, ","Current Estimate Year 2015, ","Current Estimate Year 2016,"
,,2017 Inventory,2018 Inventory,2018 Inventory
,Exploration,NA,0.3,0.1
,HF Completions,0.1,0.3,0.1
,Production,17.6,3.4,3.2
,Miscellaneous Flaringa,17.6,1.4,1.1
,Tanks,+,1.1,1.2
,HF Workovers,+,0.1,+
,Processing,23.7,21,22
,AGR Vents,23.6,14.9,16.6
,Plant Grouped Sources,0.1,6.1,5.4
,Transmission and Storage,+,0.1,0.1
,Transmission Flares,0,0.1,0.1
,Distribution,+,+,+
,Total,42.4,24.9,25.5
,"a The previous estimate represents flaring from natural gas production, gas processing, and petroleum production.",,,
,NA (Not Applicable),,,
,+ Does not exceed 0.05 MMT CO2.,,,
