Table 3-27:  Approach 2 Quantitative Uncertainty Estimates for CO2 and N2O from the Incineration of Waste (MMT CO2 Eq. and Percent),,,,,,,
,,,,,,,
,,,2016 Emission Estimate,Uncertainty Range Relative to Emission Estimatea,,,
,Source,Gas,(MMT CO2 Eq.),(MMT CO2 Eq.),,(%),
,,,,Lower Bound,Upper Bound,Lower Bound,Upper Bound
,Incineration of Waste,CO2,10.7,8.3,13.4,-22%,26%
,Incineration of Waste,N2O,0.3,0.2,1.3,-51%,327%
,a Range of emission estimates predicted by Monte Carlo Simulation for a 95 percent confidence interval.,,,,,,
