Table 3-42:  Recalculations of CH4 in Petroleum Systems (MMT CO2 Eq.),,,
,,,
,"Previous Estimate Year 2015, 2017 Inventory","Current Estimate Year 2015, 2018 Inventory","Current Estimate Year 2016, 2018 Inventory"
Exploration,NA,2.2,2.1
Well Testing,NE,0.2,0.1
Production ,39,34.9,35.4
Associated Gas Venting & Flaring,3.7,1.7,1.1
Tanks,2,2.1,3.2
Miscellaneous Flaring*,NE,0.3,0.2
Transportation,0.2,0.2,0.2
Refining,0.6,0.7,0.9
Petroleum Systems Total,39.9,38.1,38.6
"*In the 2017 Inventory, emissions were generally included within the natural gas production flaring emissions estimate. ",,,
NA (Not Applicable),,,
NE (Not Estimated),,,
+ Does not exceed 0.05 MMT CO2.,,,
