Table 3-16:  Approach 2 Quantitative Uncertainty Estimates for CO2 Emissions from Energy-Related Fossil Fuel Combustion by Fuel Type and Sector (MMT CO2 Eq. and Percent),,,,,,
,,,,,,
,Fuel/Sector,2016 Emission Estimate,Uncertainty Range Relative to Emission Estimatea,,,
,,(MMT CO2 Eq.),(MMT CO2 Eq.),,(%),
,,,Lower Bound,Upper Bound,Lower Bound,Upper Bound
,Coalb,1306.4,1261.7,1429.7,-3%,9%
,   Residential ,NE,NE,NE,NE,NE
,   Commercial ,2.2,2.1,2.6,-5%,15%
,   Industrial ,58.7,55.9,68,-5%,16%
,   Transportation ,NE,NE,NE,NE,NE
,   Electric Power ,1241.4,1193.8,1361,-4%,10%
,   U.S. Territories ,4,3.5,4.8,-12%,19%
,Natural Gasb,1476.1,1459.1,1544.1,-1%,5%
,   Residential ,238.3,231.5,255.1,-3%,7%
,   Commercial ,170.3,165.6,182.3,-3%,7%
,   Industrial ,477.9,463.7,512.2,-3%,7%
,   Transportation ,40.6,39.5,43.5,-3%,7%
,   Electric Power ,546,530.2,573.7,-3%,5%
,   U.S. Territories ,3,2.6,3.5,-12%,17%
,Petroleumb,2183.1,2047.5,2311.3,-6%,6%
,   Residential ,54.2,51.2,57.1,-6%,5%
,   Commercial ,58.7,55.4,61.9,-6%,5%
,   Industrial ,272.5,216.4,324.3,-21%,19%
,   Transportation ,1741.9,1630,1853.8,-6%,6%
,   Electric Power ,21.4,20.3,23.4,-5%,9%
,   U.S. Territories ,34.3,31.7,38.2,-8%,11%
,Total (excluding Geothermal)b,4965.6,4858.9,5195,-2%,5%
,Geothermal,0.4,NE,NE,NE,NE
,"Total (including Geothermal)b,c",4966,4859.3,5195.4,-2%,5%
,NE (Not Estimated),,,,,
,a Range of emission estimates predicted by Monte Carlo Stochastic Simulation for a 95 percent confidence interval.,,,,,
,"b The low and high estimates for total emissions were calculated separately through simulations and, hence, the low and high emission estimates for the sub-source categories do not sum to total emissions.",,,,,
,"c Geothermal emissions added for reporting purposes, but an uncertainty analysis was not performed for CO2 emissions from geothermal production.",,,,,
