Table 3-40:  Approach 2 Quantitative Uncertainty Estimates for CH4 Emissions from Petroleum Systems (MMT CO2 Eq. and Percent) ,,,,,,,
,,,,,,,
,Source,Gas,2016 Emission Estimate,Uncertainty Range Relative to Emission Estimatea,,,
,,,(MMT CO2 Eq.)b,(MMT CO2 Eq.),,(%),
,,,,Lower Bound,Upper Bound,Lower Bound,Upper Bound
,Petroleum Systems,CH4,38.6,27.1,51.9,-30%,34%
,Petroleum Systemsc,CO2,22.8,16,30.6,-30%,34%
,a Range of emission estimates estimated by applying the 95 percent confidence intervals obtained from the Monte Carlo Simulation analysis conducted for the year 2016 CH4 emissions.,,,,,,
,"b All reported values are rounded after calculation. As a result, lower and upper bounds may not be duplicable from other rounded values as shown in table.",,,,,,
,c An uncertainty analysis for the petroleum systems CO2 emissions was not performed. The relative uncertainty estimated (expressed as a percent) from the CH4 uncertainty analysis was applied to the point estimate of petroleum systems CO2 emissions.,,,,,,
