Table 3-23:  Approach 2 Quantitative Uncertainty Estimates for Storage Factors of Non-Energy Uses of Fossil Fuels (Percent),,,,,,,
,,,,,,,
,Source,Gas,2016 Storage Factor,Uncertainty Range Relative to Emission Estimatea,,,
,,,(%),(%),,"(%, Relative)",
,,,,Lower Bound,Upper Bound,Lower Bound,Upper Bound
,Feedstocks,CO2,70.0%,57%,72%,-19%,3%
,Asphalt,CO2,99.6%,99%,100%,-0.5%,0.3%
,Lubricants,CO2,9.2%,4%,17%,-57%,91%
,Waxes,CO2,57.8%,47%,67%,-18%,17%
,Other,CO2,6.4%,6%,43%,-2%,568%
,"a Range of emission estimates predicted by Monte Carlo Stochastic Simulation for a 95 percent confidence interval, as a percentage of the inventory value (also expressed in percent terms).",,,,,,
