"Table 3-81:  Transmission and Storage CO2 Updates, National Emissions (kt CO2)",,,,,,,,,,,,,,,,,,,,,,,,,,,,
,,,,,,,,,,,,,,,,,,,,,,,,,,,,
,Source,1990,1991,1992,1993,1994,1995,1996,1997,1998,1999,2000,2001,2002,2003,2004,2005,2006,2007,2008,2009,2010,2011,2012,2013,2014,2015,2016
,Transmission-pneumatic controllers,6.3, 6.3 , 6.3 , 6.1 , 5.9 , 5.7 , 5.5 , 5.4 , 5.2 , 5.0 , 4.8 , 4.7 , 4.5 , 4.3 , 4.2 ,4, 3.9 , 3.7 , 3.5 , 3.4 , 3.2 , 3.1 ,2.9,3,0.9,0.8,0.7
,Previous transmission pneumatic controllers,6.1, 6.2 , 6.1 , 5.8 , 5.4 , 5.0 , 4.7 , 4.4 , 4.0 , 3.7 , 3.4 , 3.2 , 2.9 , 2.6 , 2.4 ,2.1, 1.9 , 1.6 , 1.4 , 1.2 , 1.0 , 0.9 ,0.6,0.8,0.8,0.8,NA 
,Storage-pneumatic controllers,1.3, 1.4 , 1.4 , 1.4 , 1.4 , 1.4 , 1.4 , 1.3 , 1.3 , 1.3 , 1.3 , 1.3 , 1.2 , 1.2 , 1.2 ,1.2, 1.1 , 1.1 , 1.1 , 1.0 , 1.0 , 1.0 ,1,1,0.9,0.6,1
,Previous Storage pneumatic controllers,1.3, 1.4 , 1.4 , 1.4 , 1.4 , 1.3 , 1.3 , 1.3 , 1.3 , 1.2 , 1.2 , 1.2 , 1.1 , 1.1 , 1.1 ,1, 1.0 , 1.0 , 0.9 , 0.9 , 0.8 , 0.8 ,0.7,0.9,0.8,0.8,NA
,Transmission-flaring*,78.8, 79.3 , 78.7 , 78.1 , 77.5 , 76.9 , 76.3 , 75.7 , 75.1 , 74.5 , 73.9 , 73.3 , 72.8 , 72.2 , 71.6 ,71, 70.4 , 69.8 , 69.2 , 68.6 , 68.0 , 67.4 ,72.2,78,83.7,83.9,88.4
,Storage-flaring*,24.5, 25.4 , 26.1 , 25.9 , 25.7 , 25.4 , 25.2 , 25.0 , 24.8 , 24.5 , 24.3 , 24.1 , 23.9 , 23.6 , 23.4 ,23.2, 23.4 , 23.2 , 23.7 , 23.7 , 23.8 , 24.0 ,24,24.1,24.1,23.6,15.3
,Previous flaring (transmission and storage),NA,NA,NA,NA,NA,NA,NA,NA,NA,NA,NA,NA,NA,NA,NA,NA,NA,NA,NA,NA,NA,NA,NA,NA,NA,NA,NA
,NA (Not Applicable),,,,,,,,,,,,,,,,,,,,,,,,,,,
,"* Estimates are developed from GHGRP data, wherein compressor stations that service underground storage fields might be classified as transmission compression as the primary function. A significant fraction of the transmission station flaring emissions presented in this table likely occurs at stations that service storage facilities; such stations typically require flares, compared to a typical transmission compressor station used solely for mainline compression that does not require liquids separation, dehydration, and flaring.",,,,,,,,,,,,,,,,,,,,,,,,,,,
