Table 3-61:  Recalculations of CH4 in Natural Gas Systems (MMT CO2 Eq.),,,,
,,,,
,Stage and Emission Source,"Previous Estimate Year 2015, ","Current Estimate Year 2015, ","Current Estimate Year 2016,"
,,2017 Inventory,2018 Inventory,2018 Inventory
,Exploration,NA,1.1,0.7
,Non-HF Completions,+,0.3,0.2
,Well Testing,NE,0.1,0
,Production,106.6,108,106.8
,Miscellaneous Flaringa,NE,0.1,0.1
,HF Workovers,+,0.3,0.4
,Liquids Unloading,5.2,3.8,3.3
,Processing,111,11,11.2
,Transmission and Storage,33.7,34.1,32.8
,Distribution,11,0.5,0.5
,Total,162.4,166.3,163.5
,"a The previous estimate represents flaring from natural gas production, gas processing, and petroleum production.",,,
,NA (Not Applicable),,,
,NE (Not Estimated),,,
,+ Does not exceed 0.05 MMT CO2 Eq.,,,
